date,600036,600519,002475,600276,601088,HS300
2019-01-02,108.45,3239.61,277.26,1456.63,27.4,2969.54
2019-01-03,109.66,3194.49,263.91,1404.87,27.32,2964.84
2019-01-04,112.13,3254.79,259.26,1494.22,27.7,3035.87
2019-01-07,112.16,3272.33,268.94,1472.97,27.68,3054.3
2019-01-08,110.99,3268.81,272.81,1484.14,28.05,3047.7
2019-01-09,112.87,3325.74,274.36,1526.37,28.1,3078.48
2019-01-10,113.46,3339.05,292.16,1546.53,28.09,3072.69
2019-01-11,115.84,3425.03,289.06,1537.81,28.14,3094.78
2019-01-14,115.25,3368.35,290.42,1493.68,28.25,3067.78
2019-01-15,117.17,3546.13,294.67,1551.16,28.3,3127.99
2019-01-16,117.37,3551.75,292.35,1579.22,28.23,3128.65
2019-01-17,115.88,3542.46,292.35,1576.22,28.08,3111.42
2019-01-18,118.34,3664.86,295.64,1625.53,28.64,3168.17
2019-01-21,119.24,3681.8,295.06,1622.81,29.18,3185.64
2019-01-22,117.87,3601.5,295.45,1585.21,28.89,3143.32
2019-01-23,118.58,3574.67,295.45,1594.2,29.07,3141.05
2019-01-24,121.35,3609.04,295.83,1631.25,29.02,3158.78
2019-01-25,123.9,3645.22,305.12,1620.63,29.1,3184.47
2019-01-28,124.44,3631.65,319.83,1507.03,29.45,3183.78
2019-01-29,124.36,3671.85,318.67,1571.32,29.55,3193.97
2019-01-30,123.5,3626.62,316.34,1577.31,29.26,3168.48
2019-01-31,126.59,3694.96,320.41,1622.26,29.46,3201.63
2019-02-01,126.95,3710.39,326.79,1670.48,29.64,3247.4
2019-02-11,127.3,3874.35,343.24,1698.54,29.62,3306.47
2019-02-12,127.02,3837.26,341.88,1743.49,29.72,3330.34
2019-02-13,129.06,3924.34,342.85,1800.43,29.74,3397.03
2019-02-14,129.14,3933.94,336.85,1806.15,29.65,3402.14
2019-02-15,126.36,3871.73,334.53,1765.01,29.28,3338.7
2019-02-18,129.17,3948.21,356.78,1834.21,29.62,3445.74
2019-02-19,129.21,3901.78,357.94,1809.69,29.37,3439.61
2019-02-20,130.27,3857.76,380.78,1782.99,29.65,3451.93
2019-02-21,130.0,3848.97,378.84,1796.34,29.49,3442.71
2019-02-22,132.15,3877.91,399.74,1819.77,29.24,3520.12
2019-02-25,139.54,3959.92,413.86,1879.71,30.23,3729.48
2019-02-26,135.51,3884.65,419.28,1866.09,30.44,3684.69
2019-02-27,136.37,3951.73,406.7,1887.88,30.24,3678.39
2019-02-28,136.49,4023.63,409.41,1972.33,30.07,3669.37
2019-03-01,141.02,4195.93,407.86,1975.06,30.46,3749.71
2019-03-04,140.2,4158.55,409.02,1982.41,30.7,3794.1
2019-03-05,138.87,4148.1,418.89,1978.33,30.73,3816.01
2019-03-06,138.36,4088.9,409.8,1954.62,30.85,3848.09
2019-03-07,134.77,3991.42,400.9,1930.92,30.54,3808.85
2019-03-08,132.73,3935.65,404.19,1911.31,29.65,3657.58
2019-03-11,131.76,4041.37,415.8,1928.74,29.74,3729.95
2019-03-12,132.26,3973.38,426.05,1915.39,29.75,3755.35
2019-03-13,133.75,4018.56,413.86,1917.3,29.6,3724.19
2019-03-14,135.35,4139.15,416.18,1922.21,29.48,3698.49
2019-03-15,136.21,4135.64,438.05,1961.98,29.61,3745.01
2019-03-18,138.91,4300.4,459.91,2032.27,30.33,3851.75
2019-03-19,137.62,4212.56,461.07,1977.78,30.14,3833.96
2019-03-20,138.56,4213.52,457.98,1994.67,30.13,3835.44
2019-03-21,137.43,4178.09,455.66,1985.95,30.31,3836.89
2019-03-22,138.87,4219.55,477.71,2005.84,30.76,3833.8
2019-03-25,134.26,4127.09,458.75,1953.26,29.6,3742.83
2019-03-26,135.51,4114.03,440.95,1962.8,29.05,3700.44
2019-03-27,139.07,4191.91,447.72,2039.35,29.09,3743.39
2019-03-28,139.54,4283.87,454.88,2133.06,28.86,3728.4
2019-03-29,145.01,4520.99,483.52,2158.24,29.24,3872.34
2019-04-01,145.64,4546.16,499.58,2169.02,29.78,3973.93
2019-04-02,147.24,4500.94,492.42,2153.66,29.6,3971.29
2019-04-03,148.69,4473.3,503.06,2163.47,29.79,4022.16
2019-04-04,151.54,4576.31,499.0,2181.77,30.11,4062.23
2019-04-08,152.87,4753.18,487.39,2111.16,30.16,4057.23
2019-04-09,150.13,4777.3,485.45,2138.62,29.85,4075.43
2019-04-10,149.51,4993.32,492.03,2168.37,29.87,4085.85
2019-04-11,149.08,4878.8,474.42,2111.16,29.51,3997.58
2019-04-12,148.45,4822.52,487.0,2132.08,29.55,3988.62
2019-04-15,148.53,4787.35,477.91,2090.57,29.64,3975.52
2019-04-16,153.14,4952.67,508.09,2139.93,30.03,4085.79
2019-04-17,152.48,5013.47,518.15,2129.14,29.91,4087.24
2019-04-18,151.19,4980.81,507.7,2116.06,29.83,4072.08
2019-04-19,153.14,5016.28,516.41,2126.53,30.12,4120.61
2019-04-22,148.45,4999.4,506.93,2051.01,29.64,4025.61
2019-04-23,150.13,5128.79,518.35,2073.89,29.52,4019.01
2019-04-24,152.36,5103.91,527.05,2074.22,29.53,4030.09
2019-04-25,150.92,5015.33,525.12,2108.55,29.17,3941.82
2019-04-26,146.73,4978.29,507.9,2057.22,29.0,3889.27
2019-04-29,150.52,5113.81,510.41,2154.97,29.15,3900.33
2019-04-30,147.08,5124.01,508.48,2169.02,29.32,3913.21
2019-05-06,144.97,4782.33,457.98,2118.35,28.52,3684.62
2019-05-07,144.19,4701.93,471.52,2181.77,28.53,3720.67
2019-05-08,141.92,4673.79,454.88,2119.33,28.17,3667.46
2019-05-09,139.15,4545.21,450.04,2062.78,27.99,3599.7
2019-05-10,143.8,4787.95,483.13,2115.74,28.24,3730.45
2019-05-13,140.63,4711.98,451.59,2117.37,28.17,3668.73
2019-05-14,139.69,4684.69,443.27,2080.1,28.04,3645.15
2019-05-15,143.88,4887.85,459.14,2157.91,28.23,3727.09
2019-05-16,144.03,4902.47,438.05,2120.97,28.4,3743.96
2019-05-17,142.63,4786.3,418.51,2071.28,28.1,3648.76
2019-05-20,142.51,4676.6,390.64,1989.22,27.91,3617.79
2019-05-21,143.88,4727.05,415.22,2007.53,28.06,3666.78
2019-05-22,143.49,4691.88,415.02,2015.7,28.01,3649.38
2019-05-23,142.78,4556.21,390.45,1968.3,27.84,3583.96
2019-05-24,143.76,4644.14,398.38,1983.34,27.98,3593.91
2019-05-27,144.46,4646.66,402.25,2020.28,28.07,3637.2
2019-05-28,146.81,4691.88,419.09,2063.43,28.21,3672.26
2019-05-29,146.3,4812.02,414.64,2043.49,28.11,3663.91
2019-05-30,146.5,4778.81,415.41,2043.49,28.29,3641.18
2019-05-31,146.15,4701.93,418.89,2051.66,28.02,3629.79
2019-06-03,146.89,4711.98,425.08,2086.32,28.19,3632.01
2019-06-04,145.44,4628.06,420.44,2047.41,28.33,3598.47
2019-06-05,145.13,4609.47,428.37,1948.36,28.54,3597.11
2019-06-06,144.93,4561.89,414.25,1915.01,28.49,3564.68
2019-06-10,148.22,4606.86,433.21,1936.26,28.78,3610.74
2019-06-11,150.88,4806.9,446.56,1984.97,28.98,3719.28
2019-06-12,150.52,4785.84,443.27,1992.49,29.08,3691.1
2019-06-13,150.21,4802.42,428.57,2023.55,29.14,3685.39
2019-06-14,150.6,4817.5,421.79,2022.89,29.33,3654.88
2019-06-17,151.58,4810.46,410.77,2033.36,29.71,3654.82
2019-06-18,153.22,4837.6,416.76,2065.72,29.76,3667.62
2019-06-19,156.27,4913.02,446.95,2124.24,29.64,3715.94
2019-06-20,162.45,5129.04,462.04,2161.18,29.75,3828.52
2019-06-21,159.75,5135.57,463.78,2173.93,29.66,3833.94
2019-06-24,160.81,5189.84,456.43,2179.16,29.98,3841.27
2019-06-25,153.65,5169.13,446.56,2178.18,29.94,3801.31
2019-06-26,151.07,5153.46,460.3,2193.54,29.95,3794.33
2019-06-27,154.9,5236.32,489.32,2206.62,29.99,3834.82
2019-06-28,153.07,5247.31,483.32,2177.2,30.01,3825.59
2019-07-01,156.66,5487.8,531.31,2250.1,30.03,3935.81
2019-07-02,155.18,5453.33,525.5,2314.83,30.25,3937.17
2019-07-03,153.73,5266.91,502.48,2254.68,30.3,3893.53
2019-07-04,153.46,5233.25,498.22,2180.79,30.16,3873.1
2019-07-05,154.98,5326.81,502.42,2222.96,30.24,3893.2
2019-07-08,151.42,5251.64,496.64,2193.54,29.58,3802.79
2019-07-09,150.37,5207.42,497.64,2192.89,29.5,3793.13
2019-07-10,149.7,5239.88,504.69,2223.29,29.58,3786.74
2019-07-11,152.75,5234.75,495.13,2198.77,29.54,3785.22
2019-07-12,154.47,5257.82,495.13,2191.91,29.54,3808.73
2019-07-15,154.08,5206.76,514.24,2222.31,29.41,3824.19
2019-07-16,154.12,5166.92,510.72,2179.16,29.58,3806.84
2019-07-17,153.73,5144.31,522.29,2185.04,29.49,3804.64
2019-07-18,154.16,5063.91,508.71,2177.85,29.47,3768.4
2019-07-19,158.27,5105.97,507.7,2177.85,29.74,3807.96
2019-07-22,158.27,5111.75,507.7,2194.85,29.62,3781.68
2019-07-23,157.64,5096.47,517.01,2178.83,29.47,3789.91
2019-07-24,158.5,5058.18,538.39,2196.81,29.61,3819.83
2019-07-25,161.75,5141.79,550.21,2200.73,29.7,3851.07
2019-07-26,161.59,5151.99,556.25,2204.0,29.64,3858.57
2019-07-29,160.07,5209.18,553.73,2198.45,29.53,3854.27
2019-07-30,159.83,5221.84,546.69,2208.58,29.79,3870.32
2019-07-31,159.01,5190.03,547.95,2207.93,29.72,3835.36
2019-08-01,157.6,5123.2,552.73,2201.06,29.57,3803.47
2019-08-02,155.84,5098.83,535.12,2178.5,29.14,3747.44
2019-08-05,153.73,5038.43,513.49,2115.08,28.65,3675.69
2019-08-06,152.44,5057.88,520.78,2136.01,28.46,3636.33
2019-08-07,151.07,5051.35,519.78,2160.85,28.51,3621.43
2019-08-08,154.32,5185.41,546.19,2198.77,28.63,3669.29
2019-08-09,152.87,5136.92,532.61,2205.97,28.57,3633.53
2019-08-12,154.51,5421.32,564.3,2218.06,28.92,3699.1
2019-08-13,152.32,5417.91,559.27,2211.85,28.81,3665.75
2019-08-14,152.36,5545.44,568.07,2265.14,28.91,3682.4
2019-08-15,152.4,5553.32,599.51,2275.27,29.01,3694.0
2019-08-16,153.54,5602.07,595.74,2279.19,29.05,3710.54
2019-08-19,154.08,5608.5,614.1,2371.38,29.4,3791.09
2019-08-20,154.2,5679.45,644.29,2372.04,29.39,3787.73
2019-08-21,154.67,5659.35,631.46,2363.86,29.46,3781.76
2019-08-22,154.24,5850.29,618.63,2364.52,29.1,3793.51
2019-08-23,157.88,5981.44,650.32,2523.72,29.29,3820.86
2019-08-26,152.91,5845.01,636.99,2489.4,29.2,3765.91
2019-08-27,151.93,5875.41,639.26,2497.57,29.31,3816.95
2019-08-28,150.95,5830.74,628.44,2540.72,29.34,3802.58
2019-08-29,148.73,5896.02,631.21,2534.84,29.06,3790.19
2019-08-30,150.09,6041.23,620.39,2636.51,29.2,3799.59
2019-09-02,150.33,6024.95,626.93,2622.12,29.88,3848.32
2019-09-03,149.59,6031.18,648.56,2585.84,29.89,3853.61
2019-09-04,152.48,5955.86,635.99,2578.65,30.1,3886.0
2019-09-05,154.94,6051.28,647.05,2585.18,29.93,3925.32
2019-09-06,156.39,6043.69,649.32,2638.47,30.15,3948.51
2019-09-09,154.86,6013.7,660.39,2610.36,30.11,3972.95
2019-09-10,152.91,5950.03,640.26,2653.51,30.07,3959.27
2019-09-11,153.11,5677.04,617.62,2572.43,30.04,3930.1
2019-09-12,154.04,5825.17,630.45,2589.11,30.12,3972.38
2019-09-16,152.91,5825.17,658.62,2627.03,30.23,3957.72
2019-09-17,152.09,5800.09,660.39,2603.16,30.23,3891.22
2019-09-18,152.13,6075.9,683.78,2628.66,30.06,3910.08
2019-09-19,150.99,6056.31,686.29,2639.45,29.99,3924.38
2019-09-20,150.99,6118.71,701.64,2683.91,30.11,3935.65
2019-09-23,149.16,6076.41,705.66,2670.83,29.73,3890.66
2019-09-24,149.31,6252.27,689.56,2716.6,29.91,3901.08
2019-09-25,150.37,6202.03,672.21,2727.39,29.71,3870.98
2019-09-26,153.77,6166.85,661.64,2677.7,29.81,3841.14
2019-09-27,153.69,6205.79,706.42,2669.2,29.2,3852.65
2019-09-30,151.93,6081.43,677.74,2657.1,29.29,3814.53
2019-10-08,152.17,6167.35,663.66,2646.32,29.16,3837.68
2019-10-09,153.61,6065.4,657.37,2592.05,29.41,3843.24
2019-10-10,153.34,6106.55,685.04,2732.95,29.32,3874.64
2019-10-11,157.95,6205.04,688.81,2745.7,29.43,3911.73
2019-10-14,160.07,6232.17,718.99,2751.26,29.45,3953.24
2019-10-15,159.32,6387.94,712.96,2806.5,29.19,3936.25
2019-10-16,159.99,6181.93,705.16,2830.04,29.11,3922.69
2019-10-17,160.73,6248.91,744.15,2824.48,28.89,3925.22
2019-10-18,157.52,6211.02,734.34,2774.47,28.69,3869.38
2019-10-21,157.68,6174.39,734.09,2720.2,28.78,3880.84
2019-10-22,157.33,6185.95,756.22,2755.51,28.63,3895.88
2019-10-23,156.82,6126.2,770.05,2725.76,28.55,3871.08
2019-10-24,158.78,6082.79,772.07,2723.47,28.81,3870.67
2019-10-25,158.38,6188.71,808.54,2881.37,28.64,3896.79
2019-10-28,157.6,6223.58,811.31,2997.09,28.77,3926.59
2019-10-29,157.41,6297.5,839.23,2986.63,28.92,3910.23
2019-10-30,154.51,6251.27,856.08,2967.67,28.94,3891.23
2019-10-31,154.86,6232.22,804.77,2990.56,28.95,3886.75
2019-11-01,159.17,6257.3,829.92,3043.52,28.89,3952.39
2019-11-04,161.43,6330.61,830.68,3033.71,28.77,3978.12
2019-11-05,163.31,6327.65,878.97,3004.29,28.81,4002.81
2019-11-06,165.23,6297.5,865.89,3000.69,28.69,3984.88
2019-11-07,165.27,6339.55,869.66,2980.75,28.57,3991.87
2019-11-08,163.66,6357.79,871.42,3004.29,28.55,3973.01
2019-11-11,161.94,6327.65,864.38,2925.17,28.14,3902.98
2019-11-12,161.51,6340.71,858.09,2951.0,28.18,3903.69
2019-11-13,160.73,6453.26,889.79,3007.23,27.92,3899.98
2019-11-14,159.71,6483.41,889.79,3103.34,27.76,3905.86
2019-11-15,160.07,6457.79,878.97,3050.05,27.41,3877.09
2019-11-18,162.69,6469.75,867.65,3056.59,27.67,3907.93
2019-11-19,162.76,6495.07,895.57,3145.84,27.77,3947.04
2019-11-20,159.09,6502.26,877.46,3125.24,27.74,3907.86
2019-11-21,158.54,6489.95,875.95,3046.78,27.7,3889.6
2019-11-22,157.72,6302.52,834.2,2928.44,27.81,3849.99
2019-11-25,159.09,6242.53,820.87,2900.33,28.31,3878.21
2019-11-26,156.82,6257.3,842.25,2925.83,28.17,3891.65
2019-11-27,159.36,6282.17,874.44,2950.34,27.91,3875.62
2019-11-28,159.28,6211.07,868.41,2951.33,27.75,3862.3
2019-11-29,156.94,5975.91,860.61,2827.75,27.72,3828.67
2019-12-02,157.25,5996.01,853.56,2756.81,27.8,3836.06
2019-12-03,158.62,5920.64,847.78,2783.62,27.89,3851.09
2019-12-04,157.91,5942.39,868.66,2819.58,27.69,3849.82
2019-12-05,158.31,5979.93,911.42,2828.08,27.67,3879.36
2019-12-06,158.42,6181.93,942.86,2866.98,27.68,3902.39
2019-12-09,157.88,6125.15,919.22,2753.22,28.0,3895.45
2019-12-10,157.29,6153.79,930.79,2781.99,27.76,3900.38
2019-12-11,158.38,6126.55,904.88,2798.33,27.79,3902.75
2019-12-12,158.38,6016.11,898.09,2801.6,27.67,3891.02
2019-12-13,162.69,6146.75,927.77,2858.81,27.79,3968.22
2019-12-16,161.83,6070.98,934.31,2806.5,27.9,3987.55
2019-12-17,162.69,6181.83,953.17,2832.33,28.18,4041.8
2019-12-18,164.6,6171.88,923.99,2790.16,28.08,4032.78
2019-12-19,163.74,6118.61,912.68,2793.75,28.23,4027.15
2019-12-20,162.84,6062.84,909.41,2795.06,28.28,4017.25
2019-12-23,162.29,6077.91,894.82,2805.85,27.98,3967.1
2019-12-24,164.68,6071.38,898.84,2781.99,28.13,3992.96
2019-12-25,163.82,5999.53,897.58,2745.37,28.06,3990.87
2019-12-26,165.03,6006.56,894.31,2778.06,28.2,4025.99
2019-12-27,164.09,6146.75,894.56,2778.06,28.33,4022.03
2019-12-30,163.98,6261.32,889.79,2814.68,28.77,4081.63
2019-12-31,163.0,6247.25,922.74,2880.71,28.76,4096.58
2020-01-02,168.08,5980.93,950.41,2885.94,29.1,4152.24
2020-01-03,170.11,5722.46,942.11,2829.39,29.07,4144.96
2020-01-06,169.49,5719.6,962.98,2768.58,29.29,4129.3
2020-01-07,169.14,5802.71,968.01,2794.08,29.33,4160.23
2020-01-08,166.24,5770.6,944.37,2787.87,28.86,4112.32
2020-01-09,168.16,5843.76,1009.77,2859.79,28.91,4164.37
2020-01-10,168.71,5893.0,1003.98,2880.06,28.67,4163.18
2020-01-13,168.94,5952.14,1048.0,2891.17,28.7,4203.99
2020-01-14,167.81,5867.37,1056.81,2847.69,28.66,4189.89
2020-01-15,165.11,5891.14,1103.84,2861.42,28.34,4166.73
2020-01-16,164.48,5865.36,1081.2,2845.41,28.31,4149.04
2020-01-17,164.37,5867.88,1058.57,2983.36,28.41,4154.85
2020-01-20,165.85,5784.97,1101.33,2965.06,28.21,4185.83
2020-01-21,163.82,5706.08,1114.41,2973.88,28.03,4114.31
2020-01-22,163.94,5707.13,1191.88,2972.58,28.21,4131.93
2020-01-23,159.99,5593.02,1140.32,2896.08,27.79,4003.9
2020-02-03,153.03,5347.41,1028.38,2813.37,26.49,3688.36
2020-02-04,154.28,5518.7,1125.47,2855.54,26.76,3785.64
2020-02-05,154.32,5578.9,1126.73,2926.15,26.75,3828.53
2020-02-06,155.84,5684.47,1124.72,2964.73,26.78,3899.78
2020-02-07,154.55,5709.6,1080.7,2950.34,26.69,3899.87
2020-02-10,153.3,5661.81,1091.77,2912.75,26.86,3916.01
2020-02-11,155.14,5820.14,1149.12,2966.69,27.16,3952.46
2020-02-12,155.26,5816.47,1139.06,3058.55,27.16,3984.43
2020-02-13,153.97,5784.97,1113.9,3009.19,27.09,3959.92
2020-02-14,155.41,5769.89,1120.44,3012.46,27.23,3987.73
2020-02-17,157.48,5799.14,1165.72,3039.59,27.4,4077.42
2020-02-18,155.65,5749.79,1157.92,2981.4,27.24,4057.51
2020-02-19,154.98,5812.6,1163.71,2951.33,27.11,4051.31
2020-02-20,156.74,5920.64,1254.76,2987.94,27.27,4144.66
2020-02-21,155.41,5894.91,1271.11,2968.33,27.25,4149.49
2020-02-24,153.11,5765.77,1287.46,2908.83,27.04,4132.84
2020-02-25,151.46,5703.62,1288.47,2906.54,26.75,4123.85
2020-02-26,152.25,5698.04,1202.19,2853.25,26.96,4073.02
2020-02-27,153.77,5766.83,1180.81,2870.58,26.92,4084.88
2020-02-28,149.78,5614.12,1206.97,2768.58,26.51,3940.05
2020-03-02,151.93,5759.89,1226.84,2804.87,27.12,4069.67
2020-03-03,151.42,5895.51,1214.52,2907.52,27.28,4091.36
2020-03-04,152.05,5975.51,1157.17,2889.87,27.23,4115.05
2020-03-05,157.72,6186.95,1148.62,3017.36,27.56,4206.73
2020-03-06,154.51,6109.07,1150.63,3035.34,27.28,4138.51
2020-03-09,149.7,5900.59,1073.16,2925.5,26.79,3997.13
2020-03-10,151.66,6111.58,1140.82,2981.4,27.06,4082.73
2020-03-11,150.76,6124.24,1110.63,2930.08,26.93,4028.43
2020-03-12,149.63,6023.65,1092.02,2843.44,26.77,3950.91
2020-03-13,146.69,5890.64,1085.23,2788.52,26.54,3895.31
2020-03-16,139.89,5664.37,977.07,2701.89,26.44,3727.84
2020-03-17,140.12,5554.33,951.92,2670.51,26.21,3709.68
2020-03-18,136.56,5367.86,945.88,2654.49,26.03,3636.26
2020-03-19,130.66,5307.61,939.84,2602.18,25.29,3589.09
2020-03-20,137.43,5504.99,966.0,2640.11,25.4,3653.22
2020-03-23,133.98,5423.18,869.91,2710.06,25.29,3530.31
2020-03-24,139.26,5609.1,895.32,2819.91,26.09,3625.11
2020-03-25,143.1,5730.2,984.36,2928.11,26.19,3722.52
2020-03-26,143.99,5653.92,944.12,2970.94,26.45,3698.05
2020-03-27,143.99,5707.08,936.57,2990.88,26.78,3710.06
2020-03-30,143.72,5689.5,964.99,2984.67,27.09,3674.11
2020-03-31,142.27,5885.46,964.49,3028.15,26.75,3686.16
2020-04-01,141.69,5845.27,986.88,2961.79,26.51,3675.08
2020-04-02,142.51,6056.31,1060.58,3022.27,26.76,3734.53
2020-04-03,141.77,6030.13,1041.71,3083.73,26.63,3713.22
2020-04-07,143.21,6131.43,1065.11,3141.59,26.65,3798.02
2020-04-08,142.04,6130.47,1070.89,3118.05,26.65,3780.34
2020-04-09,142.35,6124.14,1041.96,3183.76,26.51,3792.81
2020-04-10,141.57,6156.8,1001.97,3164.8,26.4,3769.18
2020-04-13,140.91,6143.24,991.41,3179.84,26.36,3753.26
2020-04-14,143.96,6257.8,1042.97,3239.34,26.68,3825.7
2020-04-15,142.82,6280.41,1042.72,3204.68,26.44,3797.36
2020-04-16,141.57,6318.1,1042.97,3204.03,26.51,3802.38
2020-04-17,144.54,6463.31,1063.35,3177.55,26.54,3839.49
2020-04-20,144.7,6469.85,1070.89,3180.82,26.43,3853.46
2020-04-21,143.72,6332.67,1045.99,3135.05,25.88,3808.05
2020-04-22,144.03,6556.27,1057.31,3206.97,25.89,3839.38
2020-04-23,143.88,6595.27,1047.25,3159.57,25.81,3829.75
2020-04-24,143.17,6586.72,1041.96,3134.4,25.67,3796.97
2020-04-27,147.36,6714.55,1060.33,3169.38,25.83,3822.77
2020-04-28,148.45,6730.28,1149.12,3159.57,25.88,3849.15
2020-04-29,152.99,6709.03,1164.21,3072.61,26.16,3867.03
2020-04-30,153.26,6662.8,1194.65,3059.86,26.44,3912.58
2020-05-06,151.46,6835.15,1199.68,3171.66,26.28,3936.25
2020-05-07,150.76,6895.45,1183.58,3177.55,26.28,3924.89
2020-05-08,152.79,6908.56,1193.14,3192.26,26.37,3963.62
2020-05-11,152.75,6950.77,1177.79,3082.09,26.4,3960.18
2020-05-12,151.31,7000.97,1203.45,3139.63,26.48,3960.24
2020-05-13,151.11,7015.79,1248.48,3148.13,26.41,3968.25
2020-05-14,148.73,6968.76,1232.38,3197.16,26.38,3925.22
2020-05-15,148.41,6900.47,1217.79,3119.69,26.54,3912.82
2020-05-18,148.22,7067.34,1147.36,3197.16,26.55,3922.91
2020-05-19,150.06,7066.84,1183.33,3221.36,27.0,3956.25
2020-05-20,151.66,7091.41,1166.98,3220.05,26.88,3935.22
2020-05-21,151.85,7167.29,1161.7,3280.2,26.72,3913.79
2020-05-22,147.55,6976.85,1125.22,3154.01,26.42,3824.06
2020-05-25,145.44,7151.21,1114.66,3202.72,26.61,3829.32
2020-05-26,146.77,7126.59,1161.7,3224.3,26.61,3872.77
2020-05-27,146.77,7026.09,1124.97,3160.35,26.96,3845.61
2020-05-28,149.86,7056.24,1122.71,3106.61,26.95,3856.63
2020-05-29,148.3,7169.8,1123.97,3114.46,26.89,3867.02
2020-06-01,152.21,7435.61,1209.99,3174.08,27.07,3971.34
2020-06-02,153.07,7391.44,1220.05,3181.15,27.05,3983.57
2020-06-03,153.77,7334.11,1279.92,3172.12,27.18,3983.65
2020-06-04,153.5,7377.78,1267.34,3212.53,26.9,3982.19
2020-06-05,153.85,7463.25,1308.84,3255.68,26.89,4001.25
2020-06-08,155.53,7368.28,1291.49,3177.22,27.16,4021.95
2020-06-09,154.98,7420.79,1302.56,3281.97,27.47,4047.03
2020-06-10,154.24,7456.51,1378.52,3343.56,27.24,4039.71
2020-06-11,150.84,7339.94,1384.81,3340.42,26.91,3995.88
2020-06-12,150.95,7419.88,1375.5,3394.55,26.79,4003.08
2020-06-15,147.32,7252.21,1347.83,3331.79,26.38,3954.99
2020-06-16,149.55,7357.12,1394.87,3445.55,26.42,4014.57
2020-06-17,149.78,7362.75,1410.11,3544.02,26.53,4017.59
2020-06-18,148.57,7402.95,1500.35,3530.29,26.73,4044.38
2020-06-19,148.45,7537.82,1498.72,3674.65,26.73,4098.71
2020-06-22,147.04,7533.6,1555.29,3684.46,26.55,4102.05
2020-06-23,146.46,7711.98,1611.53,3734.28,26.42,4121.79
2020-06-24,148.61,7724.71,1611.2,3673.48,26.45,4138.99
2020-06-29,147.59,7740.59,1578.18,3645.23,26.16,4109.72
2020-06-30,147.9,7739.13,1686.74,3647.98,26.13,4163.96
2020-07-01,152.09,7896.86,1698.18,3598.94,26.51,4247.78
2020-07-02,154.08,8146.75,1684.78,3604.82,26.88,4335.84
2020-07-03,159.71,8135.64,1662.21,3631.5,27.65,4419.6
2020-07-06,174.06,8428.13,1731.21,3680.54,28.67,4670.09
2020-07-07,176.61,8870.32,1796.28,3843.73,28.71,4698.13
2020-07-08,174.42,8836.85,1832.25,3834.71,28.62,4774.0
2020-07-09,172.11,8960.76,1848.27,3891.59,28.81,4840.77
2020-07-10,166.4,9000.21,1844.35,3924.54,28.23,4753.13
2020-07-13,166.6,9342.6,1969.58,3942.98,28.38,4852.96
2020-07-14,163.51,9242.15,1935.58,3888.45,28.25,4806.69
2020-07-15,160.96,9194.57,1863.97,4067.34,27.93,4744.47
2020-07-16,159.95,8498.48,1738.08,3806.86,27.48,4516.25
2020-07-17,161.83,8669.57,1811.32,3806.07,27.35,4544.7
2020-07-20,166.48,8613.85,1828.65,3812.35,28.03,4680.3
2020-07-21,164.8,8769.82,1838.79,3922.58,27.95,4691.04
2020-07-22,163.23,8820.47,1881.62,3925.33,27.75,4714.45
2020-07-23,159.95,8810.02,1883.91,3925.33,27.53,4712.44
2020-07-24,156.04,8404.52,1743.96,3745.66,27.25,4505.59
2020-07-27,154.67,8541.44,1730.23,3769.2,27.31,4528.45
2020-07-28,155.96,8779.87,1837.15,3738.2,27.36,4568.26
2020-07-29,157.88,8789.92,1892.74,3787.24,27.43,4679.01
2020-07-30,155.88,8830.12,1858.41,3752.72,27.22,4656.15
2020-07-31,156.82,8820.97,1923.48,3729.57,27.1,4695.05
2020-08-03,157.6,8769.82,1944.73,3683.28,27.36,4771.31
2020-08-04,164.17,8779.82,1881.62,3713.88,27.41,4775.8
2020-08-05,162.69,8769.82,1877.37,3667.2,27.29,4777.11
2020-08-06,165.5,8618.87,1846.64,3596.98,27.23,4762.76
2020-08-07,163.9,8583.9,1761.95,3604.82,27.13,4707.93
2020-08-10,165.42,8598.93,1722.05,3588.74,27.23,4724.87
2020-08-11,167.53,8641.74,1713.88,3627.58,27.14,4681.78
2020-08-12,168.51,8563.55,1747.23,3558.14,27.32,4647.64
2020-08-13,166.71,8604.0,1714.53,3513.81,27.3,4635.71
2020-08-14,169.33,8734.65,1766.85,3538.13,27.4,4704.63
2020-08-17,173.44,8880.37,1769.14,3593.06,27.78,4815.23
2020-08-18,172.66,8955.74,1731.54,3691.13,27.83,4812.76
2020-08-19,170.7,8865.29,1652.08,3664.85,27.77,4740.68
2020-08-20,167.46,8749.72,1685.43,3624.44,27.63,4679.15
2020-08-21,168.43,8810.02,1760.96,3628.36,27.59,4718.84
2020-08-24,167.38,8912.27,1886.2,3652.68,27.7,4755.85
2020-08-25,167.69,9066.28,1847.29,3714.27,27.57,4761.95
2020-08-26,166.32,9066.28,1805.11,3737.42,27.33,4706.13
2020-08-27,165.03,9086.38,1812.63,3718.98,27.31,4731.35
2020-08-28,171.09,9217.03,1832.9,3769.2,27.62,4844.27
2020-08-31,168.12,9365.26,1806.09,3748.8,27.93,4816.22
2020-09-01,167.06,9443.04,1871.81,3714.27,27.92,4842.12
2020-09-02,166.2,9407.97,1882.28,3742.13,27.73,4843.89
2020-09-03,165.34,9397.92,1825.71,3753.9,27.87,4817.1
2020-09-04,164.64,9282.35,1807.4,3695.44,27.94,4770.22
2020-09-07,164.6,9048.7,1717.47,3620.52,27.84,4669.37
2020-09-08,167.73,8987.9,1732.84,3649.15,28.26,4694.39
2020-09-09,167.77,8870.32,1696.55,3569.52,28.03,4584.59
2020-09-10,168.16,8959.76,1743.96,3586.78,28.05,4581.98
2020-09-11,166.36,9096.43,1837.15,3628.75,27.76,4627.28
2020-09-14,166.79,9262.25,1845.65,3611.1,27.83,4651.05
2020-09-15,168.94,9232.1,1822.11,3600.9,27.83,4688.48
2020-09-16,169.57,9056.74,1779.6,3547.55,28.02,4657.36
2020-09-17,168.82,8782.48,1762.93,3412.21,27.92,4632.71
2020-09-18,173.2,8905.49,1828.98,3517.73,28.43,4737.09
2020-09-21,171.68,8763.79,1799.88,3498.9,28.44,4691.43
2020-09-22,168.86,8758.21,1830.61,3530.29,28.22,4635.76
2020-09-23,167.38,8679.27,1851.87,3551.47,28.06,4652.33
2020-09-24,165.66,8575.46,1817.53,3473.8,27.88,4563.07
2020-09-25,166.13,8604.55,1812.63,3496.94,28.1,4570.02
2020-09-28,166.4,8734.65,1867.89,3502.04,28.35,4581.91
2020-09-29,162.72,8690.93,1868.22,3553.43,28.28,4591.8
2020-09-30,161.51,8772.33,1875.74,3550.69,28.24,4587.4
2020-10-09,162.22,8910.51,2016.67,3634.25,28.35,4681.14
2020-10-12,167.61,9184.92,2034.98,3722.51,28.51,4823.16
2020-10-13,168.51,9126.58,2015.36,3702.9,28.56,4839.2
2020-10-14,169.53,9076.33,1963.04,3675.44,28.43,4807.1
2020-10-15,173.28,9056.23,1961.41,3681.71,28.52,4798.74
2020-10-16,176.29,8990.91,1916.28,3679.36,28.79,4791.68
2020-10-19,177.11,8925.59,1919.55,3617.38,28.61,4755.49
2020-10-20,177.04,9101.46,1944.08,3597.37,28.58,4793.47
2020-10-21,180.28,9098.09,1893.72,3541.27,28.52,4792.83
2020-10-22,181.81,9144.17,1890.78,3540.49,28.61,4777.98
2020-10-23,181.92,9007.64,1863.31,3485.17,28.45,4718.49
2020-10-26,179.58,8644.2,1887.84,3525.58,28.37,4691.24
2020-10-27,178.91,8553.75,1891.76,3527.54,28.5,4699.28
2020-10-28,177.54,8753.79,1951.27,3611.1,28.37,4737.27
2020-10-29,177.9,8810.02,1917.26,3598.55,28.28,4772.92
2020-10-30,176.41,8779.97,1801.51,3512.24,28.42,4695.33
2020-11-02,178.13,8800.02,1854.48,3527.54,28.47,4720.83
2020-11-03,182.0,8905.49,1866.58,3563.63,28.6,4777.56
2020-11-04,188.61,8928.5,1901.9,3564.42,28.89,4813.66
2020-11-05,188.06,9040.66,1920.21,3604.82,29.0,4885.11
2020-11-06,186.85,8933.73,1938.52,3514.2,29.6,4885.72
2020-11-09,189.0,9144.52,1956.5,3533.03,29.69,4981.35
2020-11-10,191.7,9156.73,1907.78,3477.33,29.62,4953.88
2020-11-11,194.16,9088.14,1861.68,3407.5,29.77,4904.9
2020-11-12,191.15,9105.43,1873.12,3422.41,29.49,4908.46
2020-11-13,187.24,8955.74,1834.54,3381.22,29.25,4856.85
2020-11-16,188.88,9081.61,1733.82,3386.32,29.57,4904.17
2020-11-17,192.17,9010.0,1753.12,3382.39,29.62,4894.79
2020-11-18,195.73,8898.71,1722.05,3424.76,29.56,4891.67
2020-11-19,196.2,9032.06,1709.3,3451.83,29.39,4927.99
2020-11-20,196.9,9030.91,1713.88,3436.53,29.5,4943.29
2020-11-23,198.27,9383.9,1697.53,3405.54,30.15,5005.03
2020-11-24,196.2,9249.69,1674.31,3446.73,30.17,4974.29
2020-11-25,194.48,9065.68,1677.91,3405.93,30.19,4910.7
2020-11-26,197.06,9103.42,1648.48,3400.83,30.73,4919.59
2020-11-27,200.03,9121.05,1707.99,3438.1,31.07,4980.77
2020-11-30,193.58,9000.51,1697.86,3400.44,31.39,4960.25
2020-12-01,201.4,9116.53,1730.23,3463.99,31.51,5067.1
2020-12-02,203.74,9121.61,1694.91,3460.85,31.76,5067.14
2020-12-03,202.53,9176.83,1684.12,3557.36,30.84,5057.06
2020-12-04,199.75,9398.47,1712.57,3609.53,30.66,5065.92
2020-12-07,194.44,9495.4,1733.17,3553.04,30.25,5022.24
2020-12-08,193.81,9684.33,1725.98,3560.49,30.17,5009.88
2020-12-09,193.73,9634.08,1742.33,3488.7,30.37,4942.7
2020-12-10,193.89,9598.41,1701.45,3518.52,30.31,4940.52
2020-12-11,187.63,9533.59,1664.83,3538.13,30.4,4889.63
2020-12-14,194.24,9578.81,1636.38,3562.06,29.22,4934.84
2020-12-15,194.16,9513.54,1653.71,3833.14,29.43,4945.1
2020-12-16,193.03,9634.08,1718.78,3832.75,29.51,4953.87
2020-12-17,192.99,9762.27,1720.74,4153.25,29.9,5017.48
2020-12-18,189.28,9659.21,1690.99,4172.08,30.84,4999.97
2020-12-21,188.45,9646.65,1738.08,4258.39,30.57,5046.84
2020-12-22,184.62,9840.1,1724.01,4193.27,29.57,4964.77
2020-12-23,186.23,9642.37,1821.46,4185.42,29.72,5007.12
2020-12-24,187.2,9585.54,1829.96,4295.26,29.79,5000.02
2020-12-25,187.79,9583.84,1857.1,4538.88,30.24,5042.01
2020-12-28,189.04,9799.9,1825.05,4381.57,30.32,5064.41
2020-12-29,188.22,9769.75,1822.44,4274.86,29.82,5042.94
2020-12-30,189.08,10101.39,1841.4,4448.26,29.8,5113.71
2020-12-31,192.6,10428.0,1842.71,4399.61,29.78,5211.29
2021-01-04,189.55,10422.98,1775.68,4389.41,29.76,5267.72
2021-01-05,185.68,10736.77,1846.96,4469.05,29.42,5368.5
2021-01-06,193.38,10940.53,1824.4,4488.27,29.72,5417.67
2021-01-07,200.22,11141.52,1920.53,4538.49,30.03,5513.66
2021-01-08,202.96,10890.28,1969.91,4468.66,30.4,5495.43
2021-01-11,210.08,10939.17,2002.28,4393.34,29.83,5441.16
2021-01-12,215.08,11246.54,1981.68,4503.18,29.99,5596.35
2021-01-13,213.91,11262.12,2038.58,4443.16,30.58,5577.97
2021-01-14,212.54,11111.37,1963.7,4349.4,30.39,5470.46
2021-01-15,220.71,10850.08,1884.57,4335.67,30.5,5458.08
2021-01-18,223.76,10754.61,1900.92,4257.21,30.69,5518.52
2021-01-19,223.49,10485.33,1829.31,4144.23,30.51,5437.52
2021-01-20,222.98,10642.21,1845.65,4184.24,30.58,5476.43
2021-01-21,226.58,10789.79,1900.92,4269.76,30.67,5564.97
2021-01-22,222.67,10839.78,1887.51,4444.34,30.43,5569.78
2021-01-25,224.51,11317.39,1812.96,4399.22,30.02,5625.92
2021-01-26,221.73,11151.02,1733.5,4224.65,29.81,5512.97
2021-01-27,224.08,10885.26,1766.52,4209.74,29.87,5528.0
2021-01-28,222.55,10880.23,1654.04,4132.85,29.53,5377.14
2021-01-29,220.56,11021.83,1743.96,4097.55,29.17,5351.96
2021-02-01,225.64,10987.36,1746.25,4050.08,28.75,5417.65
2021-02-02,223.96,11166.65,1766.85,4185.42,28.63,5501.09
2021-02-03,228.18,11392.31,1692.95,4146.19,28.54,5485.2
2021-02-04,229.94,12050.25,1609.9,4059.89,28.45,5473.95
2021-02-05,234.79,12010.81,1626.9,4236.42,28.12,5483.41
2021-02-08,236.82,12291.19,1572.62,4196.4,28.19,5564.56
2021-02-09,236.82,12731.52,1651.75,4332.14,28.39,5686.25
2021-02-10,234.05,13457.95,1733.5,4310.95,28.5,5807.72
2021-02-18,238.51,12804.73,1646.19,4142.27,29.19,5768.38
2021-02-19,236.59,12749.45,1637.36,4152.47,29.88,5778.84
2021-02-22,232.68,11885.29,1600.09,3950.44,30.66,5597.33
2021-02-23,237.96,11980.66,1593.55,3977.5,30.13,5579.67
2021-02-24,230.33,11387.74,1564.12,3938.27,29.9,5437.57
2021-02-25,233.66,11191.77,1541.23,3991.23,30.29,5469.56
2021-02-26,220.56,11054.99,1528.15,4020.66,29.52,5336.76
2021-03-01,217.78,11231.97,1564.12,3962.2,29.59,5418.78
2021-03-02,214.5,10729.49,1609.9,3885.31,29.75,5349.63
2021-03-03,227.09,11141.52,1608.26,4003.0,30.13,5452.21
2021-03-04,225.64,10603.87,1518.67,3969.66,29.87,5280.71
2021-03-05,221.73,10740.09,1565.1,3961.81,29.95,5262.8
2021-03-08,215.98,10237.06,1518.34,3640.92,29.78,5080.02
2021-03-09,210.39,10121.44,1462.75,3627.58,29.89,4971.0
2021-03-10,213.32,10287.36,1427.76,3691.13,29.74,5003.61
2021-03-11,223.96,10679.24,1385.91,3694.27,30.05,5128.22
2021-03-12,229.24,10568.7,1343.4,3643.66,30.34,5146.38
2021-03-15,228.42,10314.69,1256.75,3541.66,30.97,5035.54
2021-03-16,233.15,10490.81,1263.94,3525.97,30.81,5079.36
2021-03-17,229.55,10590.6,1269.5,3503.61,30.74,5100.86
2021-03-18,232.84,10788.28,1269.17,3526.76,30.69,5141.77
2021-03-19,223.14,10488.3,1179.58,3481.25,30.47,5007.09
2021-03-22,231.04,10387.75,1161.92,3483.6,30.48,5057.15
2021-03-23,229.86,10417.95,1130.86,3465.56,29.9,5009.25
2021-03-24,224.86,10382.78,1067.09,3421.23,29.55,4928.69
2021-03-25,220.21,10292.33,1083.12,3449.08,29.87,4926.35
2021-03-26,222.51,10503.37,1149.5,3605.61,29.9,5037.99
2021-03-29,219.93,10609.4,1111.24,3578.54,31.71,5046.88
2021-03-30,222.36,10719.69,1116.47,3698.97,32.16,5094.73
2021-03-31,220.56,10483.27,1113.85,3639.74,31.87,5048.36
2021-04-01,220.36,10661.65,1154.73,3708.78,31.65,5110.78
2021-04-02,219.97,11252.07,1175.98,3662.88,31.55,5161.56
2021-04-06,220.13,11071.32,1155.05,3593.06,31.27,5140.34
2021-04-07,217.94,10744.56,1135.11,3584.42,31.29,5103.74
2021-04-08,218.21,10789.79,1121.37,3653.47,31.29,5112.21
2021-04-09,217.23,10538.55,1101.43,3604.82,31.28,5035.34
2021-04-12,218.05,10482.72,1078.87,3539.31,31.37,4947.75
2021-04-13,217.51,10543.57,1123.66,3517.73,31.09,4939.64
2021-04-14,215.08,10674.22,1124.32,3382.0,31.3,4980.63
2021-04-15,214.07,10516.44,1102.08,3250.97,31.54,4948.97
2021-04-16,215.24,10714.31,1095.87,3189.78,31.59,4966.18
2021-04-19,223.18,10880.23,1203.12,3247.44,31.62,5087.02
2021-04-20,224.04,10914.4,1160.61,3177.61,31.66,5083.37
2021-04-21,227.56,10840.03,1190.37,3290.2,31.46,5098.74
2021-04-22,226.46,10716.93,1229.61,3251.76,31.7,5089.24
2021-04-23,229.16,10985.45,1230.26,3283.14,31.32,5135.45
2021-04-26,224.35,10829.08,1195.6,3225.08,31.01,5077.24
2021-04-27,224.35,10912.59,1263.29,3285.1,30.87,5090.52
2021-04-28,223.14,10649.09,1224.05,3277.65,31.27,5119.24
2021-04-29,229.08,10570.5,1208.03,3257.64,31.4,5164.17
2021-04-30,226.81,10472.12,1216.2,3326.29,30.98,5123.49
2021-05-06,230.61,10232.03,1195.6,3248.62,31.56,5061.12
2021-05-07,232.6,9950.65,1142.3,3165.06,31.79,4996.05
2021-05-10,231.51,9830.2,1136.42,3178.4,32.74,4992.42
2021-05-11,231.27,10232.03,1135.76,3310.99,32.3,5023.06
2021-05-12,230.68,10357.65,1108.62,3290.2,32.66,5044.55
2021-05-13,228.77,10294.84,1085.41,3233.32,31.96,4992.97
2021-05-14,235.73,10487.54,1102.08,3315.7,31.73,5110.59
2021-05-17,238.35,10729.29,1144.92,3376.51,31.97,5184.99
2021-05-18,239.52,10736.07,1145.24,3390.24,32.24,5187.6
2021-05-19,235.03,10684.27,1176.64,3363.56,32.07,5172.27
2021-05-20,237.65,10733.91,1182.85,3310.99,31.38,5186.41
2021-05-21,232.33,10649.59,1140.67,3250.58,31.42,5134.15
2021-05-24,232.21,10796.27,1210.97,3297.26,31.35,5155.59
2021-05-25,245.78,11415.37,1308.74,3410.64,31.53,5318.48
2021-05-26,249.49,11543.5,1286.83,3412.21,31.6,5320.59
2021-05-27,247.34,11669.12,1312.34,3412.99,31.75,5338.23
2021-05-28,249.49,11593.75,1292.72,3394.95,31.7,5321.09
2021-05-31,248.28,11533.46,1282.91,3412.6,31.75,5331.57
2021-06-01,245.04,11648.77,1289.77,3458.5,31.84,5341.68
2021-06-02,245.9,11553.55,1260.67,3336.49,31.93,5289.97
2021-06-03,240.81,11554.66,1267.54,3266.67,32.22,5255.29
2021-06-04,245.7,11701.79,1261.65,3269.41,32.05,5282.28
2021-06-07,243.63,11799.77,1296.64,3261.17,32.07,5277.63
2021-06-08,242.45,11397.79,1323.78,3282.36,31.98,5232.12
2021-06-09,241.56,11440.5,1345.03,3328.26,32.31,5236.45
2021-06-10,241.09,11636.36,1328.03,3471.44,32.2,5271.47
2021-06-11,241.01,11336.53,1282.91,3469.56,32.35,5224.7
2021-06-15,235.03,11407.84,1309.39,3418.72,32.07,5166.56
2021-06-16,238.15,11231.97,1245.96,3368.35,32.24,5080.49
2021-06-17,236.28,11226.49,1293.37,3384.35,32.09,5101.89
2021-06-18,234.6,10895.01,1307.76,3398.01,31.61,5102.47
2021-06-21,230.68,10848.27,1384.27,3307.15,31.23,5090.39
2021-06-22,237.61,10814.76,1375.77,3352.81,31.19,5122.16
2021-06-23,235.1,10628.99,1448.04,3384.35,31.64,5147.39
2021-06-24,235.81,10779.99,1506.57,3236.07,31.74,5155.97
2021-06-25,241.28,10997.27,1544.82,3238.89,32.09,5239.97
2021-06-28,234.63,11052.6,1553.65,3264.31,31.42,5251.76
2021-06-29,231.12,10846.53,1560.52,3245.48,31.22,5190.54
2021-06-30,232.64,10819.9,1511.8,3234.65,31.29,5224.04
2021-07-01,239.72,11062.6,1505.26,3315.62,31.19,5229.66
2021-07-02,228.18,10600.32,1433.32,3184.75,31.05,5081.12
2021-07-05,227.75,10504.85,1502.64,2998.34,31.73,5085.79
2021-07-06,230.1,10599.81,1492.18,2956.44,31.69,5083.1
2021-07-07,229.67,10555.09,1489.56,2974.8,31.67,5140.49
2021-07-08,217.62,10459.62,1536.98,2923.96,31.5,5088.26
2021-07-09,215.87,10394.85,1524.22,2958.32,31.75,5069.44
2021-07-12,217.82,10339.03,1499.05,3006.34,31.2,5132.71
2021-07-13,221.04,10449.07,1419.26,2950.79,31.36,5142.1
2021-07-14,217.05,10344.05,1421.55,2864.64,31.49,5083.08
2021-07-15,225.26,10524.89,1393.1,2872.17,31.49,5151.46
2021-07-16,225.07,10313.4,1360.4,2864.17,31.66,5094.77
2021-07-19,224.4,10409.37,1406.51,2904.66,31.78,5113.49
2021-07-20,220.8,10434.5,1424.49,3009.16,31.48,5108.99
2021-07-21,219.98,10379.23,1386.24,2999.75,31.21,5144.04
2021-07-22,222.13,10233.56,1361.38,2919.72,31.32,5151.75
2021-07-23,221.35,10032.51,1333.92,2929.61,31.35,5089.23
2021-07-26,212.16,9550.69,1312.34,2822.74,30.85,4925.3
2021-07-27,206.18,9092.33,1274.41,2600.55,30.61,4751.31
2021-07-28,211.26,9373.76,1243.67,2666.93,30.46,4760.48
2021-07-29,213.14,9277.74,1262.63,2629.26,30.46,4850.27
2021-07-30,207.47,8921.99,1220.45,2594.9,30.58,4811.17
2021-08-02,212.2,9303.92,1262.31,2635.86,30.82,4933.74
2021-08-03,211.73,9275.28,1289.12,2737.07,30.84,4934.46
2021-08-04,209.42,9148.15,1369.56,2686.7,30.93,4978.85
2021-08-05,208.45,9022.53,1365.96,2661.75,31.01,4948.67
2021-08-06,211.73,8881.84,1340.46,2614.67,31.1,4921.56
2021-08-09,217.48,8996.4,1390.49,2714.47,31.16,4985.56
2021-08-10,221.98,9525.01,1378.71,2753.07,31.27,5043.15
2021-08-11,224.67,9281.31,1378.39,2713.06,31.49,5015.34
2021-08-12,223.81,8977.31,1389.83,2661.75,31.47,4973.35
2021-08-13,225.77,9027.76,1297.62,2696.11,31.54,4945.98
2021-08-16,224.56,9023.54,1274.41,2693.29,31.51,4941.07
2021-08-17,219.67,8700.94,1246.61,2612.32,31.36,4837.4
2021-08-18,233.43,8625.57,1261.33,2623.62,31.14,4894.24
2021-08-19,227.33,8625.42,1244.0,2569.48,30.97,4862.14
2021-08-20,225.18,8263.79,1252.17,2316.21,30.84,4769.27
2021-08-23,228.55,8375.29,1285.52,2255.96,31.26,4835.88
2021-08-24,229.76,8651.6,1276.04,2256.9,31.38,4888.39
2021-08-25,226.75,8851.79,1227.65,2266.78,31.6,4898.16
2021-08-26,219.59,8499.95,1228.3,2167.93,31.82,4801.61
2021-08-27,222.52,8505.13,1253.15,2202.76,31.74,4827.04
2021-08-30,215.09,8454.73,1179.25,2181.58,32.51,4813.27
2021-08-31,217.09,8314.04,1118.43,2162.75,33.58,4805.61
2021-09-01,224.24,8635.67,1133.15,2228.18,33.11,4869.46
2021-09-02,227.41,8619.54,1131.18,2193.82,33.69,4869.41
2021-09-03,228.98,8817.62,1129.55,2205.12,33.55,4843.06
2021-09-06,225.85,8880.18,1164.54,2299.27,34.35,4933.73
2021-09-07,232.14,8871.79,1159.31,2298.32,34.86,4992.83
2021-09-08,230.58,8691.4,1192.33,2282.79,35.39,4972.13
2021-09-09,229.37,8696.32,1166.83,2268.2,37.57,4970.01
2021-09-10,237.27,8839.53,1189.06,2268.67,35.98,5013.52
2021-09-13,236.48,8796.42,1155.38,2235.71,37.53,4991.66
2021-09-14,229.37,8811.49,1133.47,2238.07,36.74,4917.16
2021-09-15,226.63,8604.17,1103.39,2187.23,36.45,4867.32
2021-09-16,223.89,8716.37,1125.63,2207.47,36.74,4807.7
2021-09-17,226.04,8957.21,1107.64,2245.13,35.2,4855.94
2021-09-22,218.85,8714.46,1087.04,2289.85,37.36,4821.77
2021-09-23,216.62,8700.94,1171.4,2284.67,37.01,4853.2
2021-09-24,216.35,8997.41,1175.33,2379.29,35.48,4849.43
2021-09-27,217.6,9806.4,1215.87,2424.02,35.51,4877.37
2021-09-28,222.8,9640.88,1182.19,2407.07,36.39,4883.83
2021-09-29,227.26,9630.53,1178.92,2384.94,35.75,4833.93
2021-09-30,222.92,9680.78,1178.92,2399.54,36.24,4866.38
2021-10-08,224.79,9729.02,1243.34,2585.96,34.98,4929.94
2021-10-11,232.89,9867.3,1239.74,2558.65,36.0,4936.19
2021-10-12,233.24,9886.75,1203.12,2567.6,35.82,4883.84
2021-10-13,233.0,10182.76,1193.64,2527.58,35.1,4940.11
2021-10-14,230.38,10087.79,1179.25,2438.61,34.77,4913.61
2021-10-15,234.1,10117.79,1194.29,2391.06,35.54,4932.11
2021-10-18,228.43,9530.04,1148.84,2346.34,37.17,4874.78
2021-10-19,232.42,9591.24,1220.78,2370.35,37.04,4922.72
2021-10-20,230.54,9736.05,1224.05,2463.09,35.55,4910.18
2021-10-21,235.82,9751.13,1230.26,2412.25,36.64,4928.02
2021-10-22,237.93,10037.54,1248.25,2449.91,35.21,4959.73
2021-10-25,239.1,9897.0,1245.96,2445.67,35.93,4979.52
2021-10-26,241.88,9836.8,1296.97,2360.46,35.44,4963.1
2021-10-27,238.83,9625.51,1257.73,2344.46,34.56,4898.16
2021-10-28,237.66,9658.12,1282.58,2330.34,33.73,4864.14
2021-10-29,236.68,9661.08,1274.73,2352.93,33.47,4908.77
2021-11-01,237.27,9545.11,1312.34,2379.29,33.67,4890.69
2021-11-02,229.95,9553.35,1312.01,2318.1,33.18,4839.85
2021-11-03,227.8,9354.17,1312.01,2347.28,33.68,4821.11
2021-11-04,228.0,9551.14,1358.44,2445.67,33.72,4868.74
2021-11-05,227.26,9630.23,1358.44,2473.92,33.08,4842.35
2021-11-08,226.24,9631.03,1342.09,2370.82,33.37,4848.18
2021-11-09,225.3,9479.84,1315.93,2379.77,33.03,4846.74
2021-11-10,223.62,9298.84,1304.49,2564.3,32.66,4821.19
2021-11-11,232.18,9377.28,1315.61,2529.94,32.81,4898.65
2021-11-12,230.54,9398.29,1334.9,2508.75,32.7,4888.37
2021-11-15,232.61,9334.77,1376.1,2547.35,32.71,4882.38
2021-11-16,230.93,9570.23,1413.38,2593.49,32.53,4883.32
2021-11-17,228.35,9504.91,1399.64,2573.25,32.61,4885.75
2021-11-18,226.67,9489.84,1347.0,2472.5,32.68,4837.62
2021-11-19,230.27,9672.79,1420.57,2482.39,32.92,4890.06
2021-11-22,227.76,9802.73,1409.45,2483.8,32.95,4912.4
2021-11-23,228.0,10014.58,1385.25,2486.63,33.16,4913.35
2021-11-24,227.96,10238.53,1394.41,2477.21,33.74,4916.66
2021-11-25,226.71,10314.05,1376.43,2529.46,33.89,4896.44
2021-11-26,221.55,10238.58,1323.13,2499.34,33.3,4860.13
2021-11-29,220.45,10459.62,1322.47,2440.02,33.15,4851.42
2021-11-30,219.16,10187.13,1307.76,2396.71,33.12,4832.03
2021-12-01,221.12,10198.28,1312.66,2412.25,33.68,4843.85
2021-12-02,224.64,10203.36,1274.41,2344.46,34.26,4856.16
2021-12-03,226.04,10393.7,1274.41,2351.05,36.18,4901.02
2021-12-06,228.27,10370.68,1303.83,2354.82,35.77,4892.62
2021-12-07,228.35,10313.25,1368.9,2397.18,35.66,4922.1
2021-12-08,229.13,10751.06,1452.94,2405.66,35.33,4995.93
2021-12-09,233.39,10969.89,1502.64,2454.14,35.38,5078.69
2021-12-10,234.8,10987.23,1493.16,2448.02,35.28,5055.12
2021-12-13,230.62,11128.92,1536.98,2435.78,35.38,5083.8
2021-12-14,225.65,11288.71,1526.84,2435.78,34.82,5049.7
2021-12-15,225.07,11213.34,1494.8,2388.71,34.95,5005.9
2021-12-16,225.85,11132.89,1533.71,2399.54,36.43,5034.73
2021-12-17,224.17,10789.75,1508.2,2378.35,35.61,4954.76
2021-12-20,223.85,10831.26,1462.1,2383.06,35.34,4880.42
2021-12-21,223.62,10726.94,1499.37,2390.59,35.78,4913.49
2021-12-22,221.19,10776.18,1574.25,2372.7,35.69,4914.45
2021-12-23,222.02,11137.97,1613.49,2360.94,36.25,4948.74
2021-12-24,220.61,11510.26,1631.15,2394.36,36.04,4921.34
2021-12-27,218.54,11197.36,1603.68,2408.01,36.38,4919.32
2021-12-28,219.71,11229.32,1586.68,2396.71,35.86,4955.96
2021-12-29,211.85,10741.01,1571.31,2375.53,35.86,4883.48
2021-12-30,215.29,10911.85,1597.47,2389.18,35.52,4921.51
2021-12-31,216.11,10786.23,1620.03,2422.13,36.1,4940.37
2022-01-04,214.7,10792.41,1678.89,2407.07,36.31,4917.77
2022-01-05,217.44,10655.59,1587.66,2432.02,35.98,4868.12
2022-01-06,213.92,10445.65,1543.19,2393.89,35.8,4818.23
2022-01-07,217.44,10243.56,1535.34,2430.14,36.09,4822.37
2022-01-10,218.14,10364.15,1600.41,2441.43,36.36,4844.05
2022-01-11,220.57,10236.27,1540.57,2397.18,36.28,4797.77
2022-01-12,220.22,10369.18,1558.89,2369.41,36.41,4845.58
2022-01-13,218.57,9918.9,1494.47,2270.08,36.77,4765.92
2022-01-14,213.41,9866.7,1525.21,2231.01,36.1,4726.73
2022-01-17,215.6,9839.61,1544.82,2219.71,35.97,4767.28
2022-01-18,217.28,9993.67,1578.5,2210.29,36.92,4813.35
2022-01-19,219.98,10092.81,1563.14,2187.7,37.09,4780.38
2022-01-20,226.51,10381.84,1613.17,2185.81,37.46,4823.51
2022-01-21,228.27,10459.57,1554.31,2150.51,37.59,4779.31
2022-01-24,228.39,10284.76,1622.98,2072.83,37.7,4786.74
2022-01-25,224.67,10248.58,1593.55,2050.71,36.98,4678.45
2022-01-26,225.07,10308.88,1580.47,2016.34,36.75,4712.31
2022-01-27,224.17,10359.13,1524.88,1969.27,37.06,4619.88
2022-01-28,218.07,9967.19,1536.98,1962.68,36.12,4563.77
2022-02-07,226.43,9871.52,1531.75,1971.62,37.09,4634.09
2022-02-08,227.84,9726.0,1425.47,1998.93,38.54,4608.77
2022-02-09,227.49,10012.31,1444.44,2012.58,38.02,4652.06
2022-02-10,227.84,9896.85,1440.52,1991.86,39.18,4639.86
2022-02-11,231.95,9781.12,1353.54,1977.27,39.69,4601.4
2022-02-14,225.85,9875.09,1381.33,1906.19,39.35,4551.69
2022-02-15,222.02,9985.38,1494.8,1974.45,38.68,4600.1
2022-02-16,225.34,9995.08,1451.96,1944.79,38.77,4617.99
2022-02-17,226.86,9967.14,1459.48,1946.67,38.89,4629.16
2022-02-18,229.21,10067.69,1435.28,1963.15,39.37,4651.24
2022-02-21,228.04,9916.89,1414.36,1961.74,39.99,4634.31
2022-02-22,225.93,9569.58,1371.85,1923.13,40.18,4574.15
2022-02-23,224.4,9665.76,1417.3,1960.32,39.09,4623.05
2022-02-24,221.23,9349.7,1404.55,1902.89,39.08,4529.32
2022-02-25,220.41,9525.31,1426.13,1923.13,38.15,4573.42
2022-02-28,220.37,9481.8,1431.36,1921.72,38.82,4581.65
2022-03-01,222.09,9823.89,1417.3,1967.86,39.63,4619.69
2022-03-02,219.08,9755.55,1348.3,1946.67,39.88,4578.6
2022-03-03,220.1,9530.04,1287.48,1925.02,40.55,4551.63
2022-03-04,216.07,9432.05,1262.63,1907.6,40.8,4496.43
2022-03-07,208.49,9062.73,1193.64,1802.62,40.63,4352.78
2022-03-08,203.48,9294.88,1218.49,1761.67,39.44,4265.39
2022-03-09,199.22,9425.42,1235.82,1731.54,40.5,4226.35
2022-03-10,200.43,9502.05,1226.34,1737.66,40.15,4292.84
2022-03-11,199.45,9374.32,1181.87,1805.92,40.48,4306.52
2022-03-14,190.46,9027.56,1132.82,1795.56,39.78,4174.76
2022-03-15,179.9,8540.15,1113.2,1735.77,37.71,3983.81
2022-03-16,192.14,8901.69,1126.93,1764.49,38.38,4156.08
2022-03-17,199.69,9128.81,1145.9,1796.5,37.95,4237.7
2022-03-18,206.18,9066.7,1152.44,1800.27,38.61,4265.9
2022-03-21,200.86,9049.16,1158.65,1790.85,39.68,4258.75
2022-03-22,203.68,9002.43,1153.09,1773.9,40.46,4255.3
2022-03-23,204.58,9289.8,1161.92,1793.68,40.13,4276.52
2022-03-24,204.62,9132.73,1135.76,1806.86,40.78,4251.31
2022-03-25,202.31,8977.31,1109.6,1747.07,40.76,4174.57
2022-03-28,201.8,8830.58,1082.14,1724.95,42.8,4148.47
2022-03-29,201.64,8861.74,1016.74,1725.89,43.66,4134.14
2022-03-30,206.41,9178.8,1071.35,1796.5,42.61,4254.1
2022-03-31,208.64,9123.03,1047.8,1768.26,43.35,4222.6
2022-04-01,209.82,9429.59,1034.72,1766.37,43.11,4276.16
2022-04-06,210.95,9354.17,999.41,1741.42,42.78,4263.84
2022-04-07,208.88,9354.17,994.83,1697.64,43.36,4209.1
2022-04-08,210.13,9449.64,970.63,1632.21,44.15,4230.77
2022-04-11,205.12,9128.05,921.91,1579.01,44.88,4100.07
2022-04-12,204.34,9439.59,955.59,1619.97,44.53,4179.97
2022-04-13,204.54,9374.27,934.34,1618.56,45.57,4139.74
2022-04-14,204.58,9575.26,949.71,1627.03,45.86,4191.57
2022-04-15,208.76,9560.13,966.71,1639.74,44.61,4188.75
2022-04-18,195.31,9483.91,994.18,1633.62,43.55,4166.38
2022-04-19,190.26,9481.29,961.15,1593.61,44.38,4134.9
2022-04-20,186.35,9514.96,949.71,1650.57,43.14,4070.79
2022-04-21,187.06,9429.44,965.73,1596.43,42.8,3995.83
2022-04-22,191.83,9394.37,959.52,1588.43,43.27,4013.25
2022-04-25,177.48,9067.75,888.56,1433.08,42.28,3814.91
2022-04-26,175.84,9190.76,863.05,1340.81,42.05,3784.12
2022-04-27,174.39,9504.51,918.31,1355.88,42.55,3895.54
2022-04-28,180.57,9705.9,972.27,1374.23,44.79,3921.11
2022-04-29,181.78,9672.64,1020.99,1422.72,44.36,4016.24
2022-05-05,179.16,9715.95,987.31,1432.14,44.21,4010.21
2022-05-06,173.88,9494.86,965.4,1416.13,43.82,3908.82
2022-05-09,168.25,9288.85,936.3,1414.25,43.19,3877.44
2022-05-10,170.24,9360.15,959.52,1418.49,42.26,3919.87
2022-05-11,171.14,9369.24,1012.16,1444.85,42.82,3976.42
2022-05-12,168.8,9342.46,1003.33,1448.61,42.22,3958.74
2022-05-13,170.91,9420.7,999.73,1446.26,44.38,3988.6
2022-05-16,169.89,9318.99,984.04,1420.37,44.58,3956.54
2022-05-17,176.58,9369.24,1007.91,1421.78,45.01,4005.89
2022-05-18,176.19,9334.07,1003.0,1418.01,44.74,3991.91
2022-05-19,174.35,9308.94,1004.64,1411.89,44.55,3999.6
2022-05-20,181.9,9530.09,1024.59,1458.5,45.93,4077.6
2022-05-23,180.06,9434.56,1003.66,1451.91,46.06,4053.98
2022-05-24,177.75,9329.04,961.48,1381.77,46.09,3959.15
2022-05-25,177.28,9306.48,968.34,1396.83,46.71,3983.18
2022-05-26,175.91,9242.62,1011.83,1402.01,46.91,3993.04
2022-05-27,178.61,9304.72,1026.87,1436.84,48.07,4001.3
2022-05-30,178.42,9421.55,1024.91,1433.55,47.54,4029.02
2022-05-31,180.84,9550.29,1116.8,1462.27,47.54,4091.52
2022-06-01,180.84,9470.99,1083.44,1446.26,47.37,4083.18
2022-06-02,177.83,9459.69,1106.66,1439.67,46.77,4089.57
2022-06-06,178.03,9469.74,1181.87,1472.15,47.61,4166.09
2022-06-07,179.51,9619.98,1153.75,1503.22,47.28,4179.13
2022-06-08,180.22,9859.66,1163.56,1545.59,48.77,4219.81
2022-06-09,183.19,9796.35,1110.58,1491.92,48.41,4175.67
2022-06-10,182.52,10035.53,1128.9,1520.64,48.39,4238.99
2022-06-13,176.46,9811.42,1101.76,1508.4,47.31,4189.35
2022-06-14,179.08,9886.8,1091.95,1523.46,48.09,4222.31
2022-06-15,183.93,9907.4,1092.93,1569.6,47.28,4278.22
2022-06-16,181.9,9916.94,1099.47,1570.07,45.98,4250.06
2022-06-17,181.47,10288.78,1099.14,1605.85,46.14,4309.04
2022-06-20,180.88,10243.66,1096.52,1610.08,44.62,4330.43
2022-06-21,183.34,10262.35,1119.09,1588.9,44.76,4325.57
2022-06-22,179.35,10213.41,1061.86,1571.48,44.31,4270.62
2022-06-23,182.6,10319.43,1062.52,1585.13,44.94,4343.88
2022-06-24,182.84,10580.27,1071.02,1612.91,44.78,4394.77
2022-06-27,186.94,10588.01,1088.02,1708.94,46.0,4444.26
2022-06-28,187.06,10715.89,1126.28,1713.65,46.42,4490.52
2022-06-29,186.0,10685.74,1081.15,1707.06,46.55,4421.36
2022-06-30,190.66,10870.02,1116.14,1780.97,46.88,4485.01
2022-07-01,187.45,10789.88,1126.61,1868.06,46.7,4466.72
2022-07-04,186.16,10734.35,1077.23,1973.03,46.98,4496.03
2022-07-05,185.89,10809.77,1028.51,1949.5,47.98,4489.54
2022-07-06,181.27,10653.96,1020.34,1898.18,45.93,4423.97
2022-07-07,181.08,10593.66,1069.38,1861.94,46.78,4443.47
2022-07-08,181.31,10638.88,1143.94,1852.52,47.03,4428.78
2022-07-11,179.86,10461.0,1110.26,1834.63,45.12,4354.62
2022-07-12,179.32,10384.68,1103.39,1778.14,45.85,4313.62
2022-07-13,173.84,10437.34,1079.85,1783.32,45.49,4321.46
2022-07-14,168.29,10407.74,1082.46,1856.29,45.69,4322.07
2022-07-15,167.94,10390.15,1093.91,1795.56,45.87,4248.53
2022-07-18,170.92,10401.01,1077.56,1828.04,46.65,4292.59
2022-07-19,171.23,10358.0,1074.94,1814.39,46.21,4269.34
2022-07-20,171.78,10393.17,1059.9,1832.28,45.87,4283.8
2022-07-21,170.25,10337.39,1058.27,1864.29,44.21,4236.06
2022-07-22,170.76,10377.59,1034.07,1878.41,44.46,4238.23
2022-07-25,171.78,10365.78,1021.97,1853.93,44.72,4212.64
2022-07-26,173.65,10393.72,1030.47,1745.19,45.17,4245.98
2022-07-27,172.56,10239.91,1023.93,1748.01,44.95,4225.04
2022-07-28,171.5,10131.38,1111.24,1741.89,44.86,4225.67
2022-07-29,168.73,10133.59,1124.97,1703.76,44.22,4170.1
2022-08-01,166.58,10092.69,1190.37,1698.58,44.56,4188.68
2022-08-02,164.19,10040.83,1148.84,1652.45,44.09,4107.02
2022-08-03,160.87,10066.06,1115.82,1675.99,43.74,4066.98
2022-08-04,163.21,10221.87,1145.57,1770.61,43.73,4101.54
2022-08-05,165.72,10261.82,1150.15,1832.75,43.41,4156.91
2022-08-08,164.19,10199.36,1175.98,1835.57,44.01,4148.07
2022-08-09,162.98,10191.67,1171.73,1799.8,44.61,4156.29
2022-08-10,161.22,10020.83,1149.17,1777.2,44.47,4109.74
2022-08-11,165.95,10176.1,1262.63,1804.5,44.57,4193.54
2022-08-12,165.99,10282.12,1223.39,1804.97,45.06,4191.15
2022-08-15,163.49,10241.37,1234.19,1779.55,45.34,4185.68
2022-08-16,164.19,10231.07,1212.6,1758.37,45.31,4177.84
2022-08-17,165.48,10231.87,1271.13,1766.84,45.18,4216.96
2022-08-18,163.45,10118.82,1264.92,1739.07,45.1,4180.1
2022-08-19,163.96,10116.35,1237.78,1732.48,45.82,4151.07
2022-08-22,163.06,10111.18,1269.83,1691.99,46.27,4181.4
2022-08-23,161.02,9990.73,1269.5,1672.22,46.68,4161.08
2022-08-24,160.01,9911.29,1213.26,1665.63,46.96,4082.42
2022-08-25,163.33,10066.06,1247.59,1689.64,48.5,4116.24
2022-08-26,163.37,10131.38,1280.29,1679.28,47.38,4107.55
2022-08-29,161.73,10035.0,1278.0,1653.86,48.0,4089.52
2022-08-30,163.72,9990.68,1251.84,1627.5,46.64,4075.79
2022-08-31,168.65,10262.02,1241.71,1674.1,46.46,4078.84
2022-09-01,166.5,10045.4,1188.73,1659.04,47.23,4043.74
2022-09-02,165.79,10015.81,1254.13,1638.33,46.78,4023.61
2022-09-05,165.44,9814.82,1255.77,1630.32,48.68,4015.43
2022-09-06,163.06,9865.06,1219.47,1637.39,49.0,4052.28
2022-09-07,162.12,9729.44,1202.79,1616.2,48.73,4054.98
2022-09-08,161.81,9714.32,1201.16,1630.32,48.42,4037.68
2022-09-09,166.5,9864.01,1199.85,1679.75,48.85,4093.79
2022-09-13,169.82,10035.91,1217.18,1714.59,48.57,4111.11
2022-09-14,167.91,9985.66,1174.35,1722.12,48.47,4065.36
2022-09-15,172.4,10040.93,1156.36,1713.18,48.51,4027.12
2022-09-16,168.26,9935.41,1132.49,1682.11,47.08,3932.68
2022-09-19,168.81,9998.92,1120.72,1675.52,47.62,3928.0
2022-09-20,166.65,10030.88,1110.26,1649.15,47.47,3932.84
2022-09-21,166.15,9880.14,1087.37,1616.2,47.3,3903.73
2022-09-22,165.21,9743.51,1066.77,1579.01,48.11,3869.34
2022-09-23,165.95,9811.95,1057.61,1592.66,47.3,3856.02
2022-09-26,164.35,9955.51,1050.74,1544.18,46.48,3836.68
2022-09-27,164.15,10081.13,1057.94,1626.56,46.52,3892.3
2022-09-28,163.25,10056.01,1014.12,1618.09,46.76,3828.71
2022-09-29,161.22,10042.69,1005.95,1688.7,47.53,3827.14
2022-09-30,163.17,10003.25,976.19,1694.82,47.76,3804.89
2022-10-10,155.94,9568.6,930.41,1655.27,48.1,3720.94
2022-10-11,154.38,9538.4,922.24,1647.74,47.73,3727.69
2022-10-12,152.62,9437.96,950.69,1607.73,48.05,3784.31
2022-10-13,148.47,9136.42,947.74,1668.46,47.19,3752.67
2022-10-14,153.12,9325.45,982.4,1830.87,47.66,3842.47
2022-10-17,152.89,9229.43,1012.16,1904.3,47.3,3846.41
2022-10-18,152.03,9165.76,988.29,1900.07,47.11,3838.27
2022-10-19,149.92,8875.18,969.32,1878.41,47.16,3776.53
2022-10-20,149.18,8852.57,966.38,1886.89,46.57,3754.93
2022-10-21,147.26,8754.58,943.17,1924.08,46.94,3742.89
2022-10-24,141.16,8137.94,917.33,1877.47,45.97,3633.37
2022-10-25,141.82,8029.76,916.68,1836.99,45.95,3627.45
2022-10-26,140.81,7951.02,930.41,1912.31,45.13,3656.9
2022-10-27,140.85,7634.06,927.47,1912.31,45.45,3631.14
2022-10-28,137.87,7428.04,885.62,1876.06,45.48,3541.33
2022-10-31,136.47,7377.79,946.76,1934.9,44.15,3508.7
2022-11-01,141.82,7940.62,978.81,1995.63,44.54,3634.17
2022-11-02,142.72,7990.62,1012.16,2018.7,45.27,3677.81
2022-11-03,141.28,7827.51,1012.16,2023.88,44.95,3647.9
2022-11-04,145.3,8214.77,1054.01,2010.22,45.86,3767.17
2022-11-07,145.62,8167.24,1073.96,2019.17,46.29,3775.3
2022-11-08,145.58,8055.54,1061.53,1958.44,46.03,3749.33
2022-11-09,145.7,7930.02,1063.82,1960.79,45.53,3714.27
2022-11-10,145.73,8005.89,1009.87,1934.43,45.57,3685.69
2022-11-11,153.75,8272.96,1042.57,1888.77,45.97,3788.44
2022-11-14,161.18,8297.33,1052.71,1961.26,44.72,3794.02
2022-11-15,161.73,8573.69,1132.16,1936.79,44.71,3865.97
2022-11-16,162.12,8559.87,1112.87,1949.03,44.96,3834.39
2022-11-17,157.93,8468.17,1102.08,1944.32,44.36,3818.66
2022-11-18,157.0,8468.82,1081.48,1938.2,44.4,3801.57
2022-11-21,156.21,8231.91,1083.12,1962.68,44.11,3769.13
2022-11-22,158.48,8332.25,1079.85,1921.72,44.69,3769.57
2022-11-23,157.58,8377.73,1065.46,1901.95,45.46,3773.53
2022-11-24,157.58,8231.96,1050.42,1895.83,45.53,3756.81
2022-11-25,160.71,8242.11,1041.26,1908.07,46.38,3775.78
2022-11-28,156.57,8181.16,1019.68,1886.89,46.49,3733.24
2022-11-29,167.91,8628.96,1039.95,1927.84,46.37,3848.42
2022-11-30,168.3,8628.96,1025.57,1917.48,46.67,3853.04
2022-12-01,168.45,8788.75,1030.14,1947.61,45.98,3894.77
2022-12-02,166.07,8804.23,1017.06,1949.03,45.51,3870.95
2022-12-05,172.75,8960.1,1001.04,1919.84,45.95,3946.88
2022-12-06,171.78,9076.17,1048.78,1919.84,46.07,3968.2
2022-12-07,169.7,9056.07,1062.84,1952.79,45.36,3958.44
2022-12-08,170.21,9071.25,1049.44,1872.29,45.22,3959.18
2022-12-09,175.3,9287.21,1059.57,1869.94,45.23,3998.24
2022-12-12,171.54,9332.54,1087.37,1872.76,44.55,3953.44
2022-12-13,172.91,9387.71,1053.36,1849.23,44.77,3945.68
2022-12-14,175.92,9492.58,1045.84,1852.05,44.94,3954.89
2022-12-15,173.65,9573.58,1053.69,1829.45,44.5,3951.99
2022-12-16,176.63,9572.97,1051.73,1831.34,44.7,3954.23
2022-12-19,174.32,9503.28,1025.89,1793.21,44.26,3893.22
2022-12-20,171.27,9211.84,1009.22,1761.19,44.03,3829.02
2022-12-21,172.17,9332.44,1012.81,1743.78,43.85,3830.54
2022-12-22,174.32,9478.15,1048.78,1766.84,43.64,3836.03
2022-12-23,173.81,9493.23,1043.55,1772.49,43.79,3828.22
2022-12-26,172.17,9347.81,1057.61,1810.62,43.79,3843.49
2022-12-27,174.98,9412.38,1071.02,1787.56,44.19,3887.85
2022-12-28,177.56,9412.38,1056.63,1803.09,44.28,3871.26
2022-12-29,177.17,9342.03,1063.5,1837.46,43.69,3856.7
2022-12-30,177.29,9382.23,1053.03,1856.29,43.74,3871.63
2023-01-03,178.54,9397.36,1045.51,1852.05,44.13,3887.9
2023-01-04,182.73,9372.23,942.51,1867.58,43.85,3892.95
2023-01-05,182.14,9754.07,976.19,1904.3,43.72,3968.58
2023-01-06,181.67,9767.98,958.21,1893.01,43.74,3980.89
2023-01-09,183.31,9956.06,966.05,1904.3,43.82,4013.12
2023-01-10,181.16,10022.64,984.37,1896.3,43.56,4017.47
2023-01-11,183.78,9974.91,974.88,1852.52,44.94,4010.03
2023-01-12,184.29,9919.88,978.15,1821.45,44.92,4017.87
2023-01-13,186.67,10186.2,970.96,1891.12,45.1,4074.38
2023-01-16,189.84,10316.34,988.62,2072.83,44.74,4137.96
2023-01-17,190.66,10291.72,1029.82,2028.11,44.78,4137.24
2023-01-18,189.49,10216.35,1021.97,1999.4,44.63,4130.31
2023-01-19,190.55,10152.08,1028.51,2096.84,44.68,4156.01
2023-01-20,192.11,10050.58,1031.45,2092.13,44.83,4181.53
2023-01-30,195.94,10191.22,1082.14,2078.48,44.18,4201.35
2023-01-31,192.74,9978.98,1076.9,2029.52,44.51,4156.86
2023-02-01,190.12,9975.01,1097.5,2049.77,44.4,4195.93
2023-02-02,188.12,9930.49,1081.81,2066.71,44.61,4181.15
2023-02-03,185.27,9839.49,1086.71,2057.3,44.37,4141.63
2023-02-06,181.55,9723.92,1058.59,2042.71,44.24,4086.88
2023-02-07,181.79,9733.97,1052.71,2024.35,44.27,4094.23
2023-02-08,182.1,9668.64,1048.46,2064.83,44.03,4076.14
2023-02-09,182.1,9839.49,1075.6,2097.31,44.15,4130.86
2023-02-10,180.81,9799.29,1065.46,2094.96,43.82,4106.31
2023-02-13,179.09,10032.19,1092.6,2159.45,43.55,4143.57
2023-02-14,180.18,9969.08,1093.25,2171.22,43.64,4145.29
2023-02-15,176.94,9955.06,1101.43,2151.92,43.33,4123.69
2023-02-16,177.33,10059.67,1094.89,2103.9,43.02,4093.49
2023-02-17,175.14,9853.46,1053.03,2121.79,43.15,4034.51
2023-02-20,182.1,10125.9,1038.32,2171.22,43.7,4133.49
2023-02-21,182.88,10085.7,1043.55,2137.33,44.01,4144.35
2023-02-22,180.81,9929.93,1020.66,2118.97,43.98,4106.95
2023-02-23,181.24,9839.49,1051.73,2091.19,44.14,4103.65
2023-02-24,178.07,9688.74,1028.51,2075.66,43.97,4061.05
2023-02-27,176.9,9801.35,995.81,2072.83,44.08,4043.84
2023-02-28,177.49,9818.08,993.85,2090.25,44.12,4069.46
2023-03-01,181.16,9942.65,1025.24,2102.96,44.18,4126.94
2023-03-02,181.16,9889.74,1012.49,2075.66,44.3,4117.74
2023-03-03,181.16,9839.69,1003.98,2085.54,44.58,4130.55
2023-03-06,176.27,9784.92,996.14,2086.49,44.26,4109.01
2023-03-07,174.55,9690.25,973.9,2025.29,44.99,4048.85
2023-03-08,172.36,9600.41,967.36,2017.76,44.6,4034.11
2023-03-09,170.72,9598.4,972.27,2006.93,44.67,4019.85
2023-03-10,168.57,9497.8,956.57,2013.05,44.24,3967.14
2023-03-13,168.65,9558.1,956.57,1992.33,45.14,4008.69
2023-03-14,166.81,9578.2,941.2,1995.16,44.85,3984.7
2023-03-15,167.98,9502.42,954.61,1990.45,44.96,3986.9
2023-03-16,167.08,9507.8,921.26,1981.51,44.16,3939.15
2023-03-17,165.95,9457.6,917.01,1964.09,44.69,3958.82
2023-03-20,165.01,9395.3,927.14,1944.32,44.95,3939.08
2023-03-21,165.44,9623.42,938.26,2000.81,44.65,3982.38
2023-03-22,166.65,9615.13,958.53,2049.3,44.99,3999.44
2023-03-23,169.24,9622.72,973.9,2051.18,45.5,4039.09
2023-03-24,166.22,9641.61,1038.32,2005.52,45.1,4027.05
2023-03-27,165.36,9587.19,1028.51,2079.89,43.8,4012.48
2023-03-28,166.11,9657.59,988.29,2066.71,43.5,3999.51
2023-03-29,165.01,9698.79,1002.35,2074.25,43.39,4006.14
2023-03-30,165.91,9749.04,1010.52,2067.18,44.25,4038.53
2023-03-31,165.6,9849.54,1005.95,2058.24,44.29,4050.93
2023-04-03,165.99,9759.44,1014.78,2046.0,44.01,4090.57
2023-04-04,165.64,9822.35,1020.99,2073.78,44.33,4103.11
2023-04-06,163.76,9733.77,1038.32,2056.36,44.04,4096.64
2023-04-07,165.09,9703.77,1031.78,2167.93,43.86,4123.28
2023-04-10,165.48,9606.84,1019.68,2220.65,43.73,4104.81
2023-04-11,163.49,9475.19,1010.85,2208.41,43.7,4100.15
2023-04-12,163.53,9216.92,1061.86,2190.52,43.97,4097.29
2023-04-13,164.58,9362.13,1013.14,2271.49,44.29,4068.98
2023-04-14,166.07,9313.99,1014.45,2288.91,44.52,4092.0
2023-04-17,169.24,9512.88,985.67,2362.82,45.16,4149.38
2023-04-18,171.11,9538.0,980.44,2345.87,45.49,4162.03
2023-04-19,170.41,9543.02,958.86,2333.16,45.41,4124.56
2023-04-20,168.41,9457.0,950.69,2292.68,45.37,4113.02
2023-04-21,166.5,9374.54,921.26,2270.08,45.15,4032.57
2023-04-24,162.98,9271.69,897.71,2318.57,45.03,3982.64
2023-04-25,164.66,9399.21,865.67,2301.15,44.91,3962.67
2023-04-26,163.84,9467.2,885.94,2311.51,44.81,3959.23
2023-04-27,159.19,9537.6,837.22,2311.51,44.84,3988.42
2023-04-28,162.98,9550.66,868.28,2332.69,45.2,4029.09
2023-05-04,165.05,9497.3,852.59,2361.88,45.69,4030.25
2023-05-05,167.24,9497.8,859.78,2277.14,46.01,4016.88
2023-05-08,170.8,9349.67,851.94,2231.95,47.85,4062.66
2023-05-09,168.41,9357.11,877.77,2204.64,47.8,4027.88
2023-05-10,166.11,9372.18,884.63,2224.42,47.48,3996.87
2023-05-11,166.3,9332.33,882.35,2228.18,47.15,3990.66
2023-05-12,164.7,9278.72,877.44,2184.87,46.96,3937.76
2023-05-15,167.28,9328.47,891.17,2275.73,46.97,3998.89
2023-05-16,167.75,9263.09,893.14,2355.29,47.28,3978.21
2023-05-17,166.5,9251.59,919.62,2325.63,46.89,3960.17
2023-05-18,166.3,9201.34,914.06,2303.03,47.04,3956.07
2023-05-19,164.35,9244.05,934.34,2355.29,47.05,3944.54
2023-05-22,165.32,9477.7,925.51,2335.04,46.95,3969.33
2023-05-23,162.98,9369.92,919.29,2353.87,46.88,3913.19
2023-05-24,160.36,9301.33,925.18,2300.21,46.31,3859.09
2023-05-25,158.36,9251.59,919.95,2304.92,46.17,3850.5
2023-05-26,159.62,9199.13,912.43,2320.92,45.42,3850.95
2023-05-29,159.42,9191.29,909.16,2316.21,45.57,3833.94
2023-05-30,159.22,9087.23,918.97,2315.74,45.29,3837.75
2023-05-31,157.9,8889.3,907.52,2186.76,44.35,3798.54
2023-06-01,156.96,8924.57,946.76,2204.64,44.09,3806.87
2023-06-02,160.91,9098.83,956.24,2209.35,44.38,3861.83
2023-06-05,160.79,9070.69,941.86,2231.48,44.68,3844.25
2023-06-06,160.91,9080.69,873.84,2222.53,45.43,3808.16
2023-06-07,161.81,8999.84,902.95,2184.4,45.44,3789.34
2023-06-08,164.86,9085.77,911.12,2196.17,45.72,3820.19
2023-06-09,163.53,9075.72,903.6,2205.59,45.57,3836.7
2023-06-12,163.49,9226.46,913.74,2154.27,45.95,3844.43
2023-06-13,163.49,9241.54,955.26,2168.4,45.74,3864.91
2023-06-14,162.16,9381.63,951.34,2215.47,46.15,3864.02
2023-06-15,163.45,9522.93,947.74,2259.25,46.12,3925.5
2023-06-16,164.27,9737.43,988.29,2286.09,46.08,3963.35
2023-06-19,162.9,9467.65,996.46,2256.9,45.94,3930.91
2023-06-20,161.38,9464.94,1051.72,2252.19,45.92,3924.24
2023-06-21,161.3,9426.6,1013.14,2234.3,45.93,3864.03
2023-06-26,159.11,9291.78,1011.5,2232.42,45.81,3809.7
2023-06-27,159.93,9302.09,1047.8,2213.12,46.1,3845.43
2023-06-28,160.83,9389.17,1015.76,2224.89,46.49,3840.8
2023-06-29,159.38,9315.45,1078.86,2264.9,46.27,3821.84
2023-06-30,159.69,9331.54,1080.17,2304.92,46.87,3842.45
2023-07-03,163.45,9497.86,1120.39,2279.49,47.28,3892.88
2023-07-04,162.63,9530.52,1131.18,2349.64,47.23,3899.01
2023-07-05,160.75,9454.04,1120.72,2365.64,47.52,3868.81
2023-07-06,158.99,9391.73,1106.33,2314.8,47.3,3842.75
2023-07-07,157.93,9326.66,1108.29,2327.98,47.37,3825.7
2023-07-10,158.48,9381.28,1086.71,2291.26,47.3,3844.33
2023-07-11,159.5,9427.01,1106.0,2320.92,47.18,3869.49
2023-07-12,161.41,9446.1,1089.98,2298.8,47.09,3843.44
2023-07-13,162.93,9569.71,1144.59,2310.09,47.35,3898.42
2023-07-14,163.24,9643.07,1136.41,2287.03,47.53,3899.1
2023-07-17,162.15,9527.35,1132.82,2271.96,46.43,3867.17
2023-07-18,161.41,9491.32,1141.97,2271.96,46.5,3854.94
2023-07-19,161.88,9492.33,1116.47,2247.95,46.63,3850.87
2023-07-20,162.31,9497.35,1077.56,2213.59,46.43,3823.69
2023-07-21,162.74,9735.03,1065.78,2212.18,46.34,3821.91
2023-07-24,161.37,9734.27,1066.44,2276.2,46.25,3805.22
2023-07-25,168.48,10022.7,1067.42,2298.32,46.9,3915.12
2023-07-26,168.8,10022.7,1067.75,2313.39,47.12,3907.01
2023-07-27,170.01,10070.33,1044.53,2314.8,47.05,3902.35
2023-07-28,175.64,10366.64,1059.57,2359.05,47.08,3992.74
2023-07-31,177.44,10284.14,1075.92,2148.62,47.05,4014.63
2023-08-01,175.21,10326.44,1106.33,2092.13,47.11,3998.0
2023-08-02,171.46,10281.22,1109.6,2040.35,46.58,3969.9
2023-08-03,174.0,10273.53,1125.3,2039.88,46.56,4004.98
2023-08-04,174.78,10348.91,1122.35,1983.39,46.47,4020.58
2023-08-07,173.29,10321.07,1135.11,1892.06,46.53,3990.15
2023-08-08,171.93,10331.47,1157.67,1939.61,46.59,3979.73
2023-08-09,171.42,10332.88,1136.74,1942.91,46.5,3967.57
2023-08-10,171.89,10256.1,1130.53,1928.31,46.79,3975.72
2023-08-11,168.02,10050.08,1101.43,1895.36,46.18,3884.25
2023-08-14,165.32,9894.31,1083.44,1962.21,46.03,3855.91
2023-08-15,164.93,9944.46,1081.81,1956.56,46.19,3846.54
2023-08-16,163.4,9979.73,1060.23,1980.57,46.07,3818.33
2023-08-17,162.7,10020.18,1060.88,1959.85,46.08,3831.1
2023-08-18,163.05,9892.25,1033.09,1930.67,46.02,3784.0
2023-08-21,160.12,9834.02,1010.85,1876.53,45.68,3729.56
2023-08-22,160.86,9818.94,1055.98,1893.01,46.19,3758.23
2023-08-23,159.02,9748.59,1037.34,1871.82,46.71,3696.63
2023-08-24,159.84,9961.14,1047.47,1953.73,46.48,3723.43
2023-08-25,161.8,10004.76,1032.76,1966.91,46.56,3709.15
2023-08-28,164.54,10054.96,1067.42,2023.4,47.17,3752.62
2023-08-29,163.67,10137.16,1078.21,2038.94,47.11,3790.11
2023-08-30,162.19,10160.63,1094.89,2034.23,46.95,3788.51
2023-08-31,161.76,10115.4,1098.16,2016.81,46.84,3765.27
2023-09-01,164.57,10135.75,1088.35,2005.04,47.42,3791.49
2023-09-04,169.5,10210.87,1102.41,1989.51,48.25,3848.95
2023-09-05,167.86,10174.19,1043.22,1989.98,48.43,3820.32
2023-09-06,168.84,10185.75,1040.61,1967.38,48.35,3812.03
2023-09-07,167.98,10070.18,998.1,1946.67,48.46,3758.47
2023-09-08,168.09,9972.2,978.81,1960.32,48.11,3739.99
2023-09-11,167.08,9990.64,995.16,2074.25,48.46,3767.54
2023-09-12,166.96,9979.53,1008.23,2070.01,48.48,3760.6
2023-09-13,166.45,9979.28,967.36,2036.59,48.93,3736.65
2023-09-14,167.7,9973.15,957.22,2054.94,49.82,3733.51
2023-09-15,167.27,9788.74,951.01,2102.49,49.84,3708.78
2023-09-18,167.51,10025.96,975.54,2138.27,49.9,3727.71
2023-09-19,167.27,10014.61,975.54,2150.98,50.05,3720.5
2023-09-20,166.37,9999.83,974.23,2137.8,50.14,3705.69
2023-09-21,164.97,9871.15,964.09,2116.14,49.83,3672.44
2023-09-22,168.76,10125.45,1004.96,2124.15,49.92,3738.93
2023-09-25,167.43,10041.94,997.44,2161.34,50.02,3714.6
2023-09-26,166.65,9959.63,989.92,2154.27,49.83,3692.89
2023-09-27,166.72,9949.59,997.77,2182.99,49.53,3700.5
2023-09-28,167.31,9871.95,994.17,2165.57,49.87,3689.52
2023-10-09,165.79,9763.67,1039.63,2157.1,50.22,3684.73
2023-10-10,165.83,9728.49,1031.45,2138.74,49.73,3657.13
2023-10-11,165.28,9771.21,1059.57,2170.75,49.53,3667.55
2023-10-12,167.7,9808.89,1068.73,2166.04,49.37,3702.38
2023-10-13,165.9,9633.02,1063.82,2151.92,49.44,3663.41
2023-10-16,164.73,9527.0,1059.57,2132.15,50.1,3626.6
2023-10-17,165.55,9507.4,1054.01,2143.45,50.26,3639.4
2023-10-18,165.43,9517.45,1055.65,2112.85,50.27,3610.58
2023-10-19,161.84,9025.02,1033.09,2093.55,49.62,3533.54
2023-10-20,162.15,9100.4,1023.28,2061.06,49.45,3510.59
2023-10-23,160.51,9095.27,1053.03,2077.54,49.6,3474.24
2023-10-24,160.78,9090.09,1043.88,2085.07,49.26,3487.13
2023-10-25,161.25,9263.7,1037.99,2082.25,49.03,3504.46
2023-10-26,161.56,9237.22,1039.95,2142.51,49.22,3514.14
2023-10-27,161.68,9259.73,1065.46,2187.23,49.02,3562.39
2023-10-30,159.22,9281.29,1123.66,2242.78,48.38,3583.77
2023-10-31,158.67,9299.28,1090.64,2306.8,48.99,3572.51
2023-11-01,157.46,9783.72,1073.31,2308.21,48.96,3571.03
2023-11-02,158.36,9776.23,1049.76,2304.92,49.16,3554.19
2023-11-03,159.57,9935.72,1065.46,2286.56,49.04,3584.14
2023-11-06,160.16,9939.54,1107.97,2325.16,48.15,3632.61
2023-11-07,158.83,9834.87,1093.25,2329.87,48.32,3619.76
2023-11-08,158.04,9870.9,1085.08,2369.88,48.43,3611.07
2023-11-09,158.28,9849.64,1062.84,2327.51,49.39,3612.83
2023-11-10,156.32,9757.84,1078.86,2327.98,49.77,3586.49
2023-11-13,154.99,9698.35,1066.11,2276.67,49.6,3579.41
2023-11-14,156.48,9704.73,1061.86,2264.43,49.32,3582.06
2023-11-15,158.2,9743.22,1087.37,2278.08,49.41,3607.25
2023-11-16,157.81,9678.5,1075.59,2253.13,49.44,3572.36
2023-11-17,156.99,9645.18,1062.19,2269.14,49.47,3568.07
2023-11-20,157.97,9690.81,1037.66,2285.61,49.39,3576.32
2023-11-21,157.38,9828.99,1023.28,2289.85,49.38,3581.07
2023-11-22,156.32,9786.33,1005.95,2269.14,49.32,3544.42
2023-11-23,156.25,9808.89,1029.16,2270.55,49.62,3561.52
2023-11-24,155.7,9763.67,1034.72,2259.25,49.72,3538.01
2023-11-27,153.35,9693.32,1055.32,2253.13,49.92,3511.94
2023-11-28,152.41,9723.67,1056.96,2286.09,49.66,3518.52
2023-11-29,151.01,9752.16,1058.92,2294.09,49.84,3488.31
2023-11-30,150.97,9836.53,1059.9,2310.56,50.16,3496.2
2023-12-01,148.89,9679.65,1044.53,2242.78,50.18,3482.88
2023-12-04,148.19,9631.57,1032.43,2215.0,50.43,3460.14
2023-12-05,145.96,9421.98,1013.14,2180.17,49.95,3394.26
2023-12-06,146.94,9391.83,1009.54,2187.7,49.71,3399.6
2023-12-07,147.13,9376.76,997.12,2158.04,49.24,3391.28
2023-12-08,145.92,9401.48,1029.16,2196.17,49.25,3399.46
2023-12-11,146.94,9366.71,1046.82,2240.42,49.75,3419.45
2023-12-12,148.07,9426.96,1065.46,2206.06,49.92,3426.8
2023-12-13,144.83,9175.77,1058.26,2197.58,49.45,3369.61
2023-12-14,144.08,9054.67,1048.78,2202.76,49.36,3351.96
2023-12-15,144.87,9100.4,1056.63,2152.39,49.08,3341.55
2023-12-18,145.06,9185.82,1063.82,2191.46,49.42,3329.37
2023-12-19,145.1,9251.14,1081.81,2158.04,49.47,3334.04
2023-12-20,144.2,9220.47,1087.37,2132.15,49.7,3297.5
2023-12-21,146.74,9322.02,1084.42,2144.39,49.44,3330.87
2023-12-22,146.35,9325.29,1076.9,2121.79,50.05,3337.23
2023-12-25,146.04,9332.07,1091.29,2121.32,50.43,3347.45
2023-12-26,145.02,9322.02,1073.63,2120.38,49.98,3324.79
2023-12-27,145.14,9307.25,1085.4,2125.56,50.32,3336.36
2023-12-28,147.84,9598.33,1104.7,2156.63,49.89,3414.54
2023-12-29,147.17,9603.41,1145.57,2179.22,50.02,3431.11
2024-01-02,146.24,9397.44,1130.2,2143.45,51.05,3386.35
2024-01-03,146.98,9442.61,1087.37,2132.15,51.65,3378.3
2024-01-04,147.13,9316.99,1081.81,2111.44,52.1,3347.05
2024-01-05,149.01,9288.65,1081.81,2024.82,52.12,3329.11
2024-01-08,148.39,9191.32,1043.55,1985.27,52.32,3286.06
2024-01-09,148.54,9176.3,1047.8,1989.51,52.72,3292.5
2024-01-10,148.07,9178.81,1039.95,2003.63,52.52,3277.13
2024-01-11,149.36,9204.29,1042.57,2002.69,51.92,3295.67
2024-01-12,149.99,9186.65,1019.68,1984.8,52.29,3284.17
2024-01-15,150.89,9171.28,1022.3,2004.1,52.71,3280.92
2024-01-16,152.3,9168.41,1009.54,1999.4,52.95,3300.88
2024-01-17,152.53,8854.71,947.74,1938.2,52.81,3229.08
2024-01-18,154.06,9024.9,958.21,1993.75,52.74,3274.73
2024-01-19,154.64,9146.15,978.48,1999.4,51.92,3269.78
2024-01-22,156.68,9181.32,965.07,1969.74,51.63,3218.9
2024-01-23,155.66,9065.75,976.19,1947.14,52.29,3231.93
2024-01-24,156.05,9100.93,969.0,1957.5,53.28,3277.11
2024-01-25,159.22,9161.23,971.61,1989.51,53.79,3342.92
2024-01-26,160.08,9157.81,928.78,1947.14,54.47,3333.82
2024-01-29,160.98,9221.52,907.2,1897.71,54.32,3303.96
2024-01-30,159.61,9035.61,886.27,1871.35,54.43,3245.04
2024-01-31,158.47,8994.96,852.59,1812.98,55.79,3215.35
2024-02-01,157.34,9020.68,864.36,1799.33,54.97,3217.71
2024-02-02,156.6,8950.18,857.17,1742.36,55.69,3179.63
2024-02-05,158.47,9121.08,901.31,1810.62,56.8,3200.42
2024-02-06,160.9,9352.17,941.86,1980.1,56.41,3311.69
2024-02-07,160.82,9527.99,942.18,2019.64,57.26,3343.63
2024-02-08,161.17,9502.91,965.4,2021.05,56.74,3364.93
2024-02-19,162.03,9449.8,917.99,2011.16,58.48,3403.81
2024-02-20,161.17,9322.02,901.31,2020.58,58.43,3410.85
2024-02-21,167.43,9561.5,917.33,2037.53,58.25,3456.87
2024-02-22,166.65,9565.12,921.58,2047.41,59.5,3486.67
2024-02-23,167.23,9543.56,907.2,2045.53,58.52,3489.74
2024-02-26,164.5,9447.54,916.02,2030.94,57.27,3453.36
2024-02-27,164.22,9420.0,938.26,2039.88,57.25,3494.79
2024-02-28,163.6,9380.06,907.52,2038.0,57.67,3450.26
2024-02-29,163.67,9447.64,920.93,2057.3,57.27,3516.08
2024-03-01,163.28,9397.69,945.78,2051.65,57.05,3537.8
2024-03-04,161.64,9353.68,934.99,2116.61,57.66,3540.87
2024-03-05,164.22,9448.14,940.88,2147.68,58.22,3565.51
2024-03-06,163.01,9375.03,933.35,2119.44,58.09,3551.05
2024-03-07,163.52,9390.51,907.85,2024.82,58.76,3529.72
2024-03-08,162.23,9329.2,920.27,2021.99,58.42,3544.91
2024-03-11,161.49,9445.08,943.16,2102.49,57.37,3589.26
2024-03-12,163.32,9698.88,950.68,2165.1,55.85,3597.49
2024-03-13,161.64,9610.69,942.84,2153.33,55.74,3572.36
2024-03-14,160.59,9556.33,920.27,2263.96,56.09,3562.22
2024-03-15,160.31,9560.65,927.14,2268.67,55.98,3569.99
2024-03-18,160.12,9514.27,935.97,2275.73,55.43,3603.53
2024-03-19,158.83,9513.06,982.4,2214.06,56.0,3577.63
2024-03-20,160.31,9521.0,988.62,2198.05,56.16,3585.38
2024-03-21,161.76,9517.99,991.23,2198.05,56.34,3581.09
2024-03-22,160.39,9479.55,1060.23,2212.18,56.61,3545.0
2024-03-25,160.98,9417.54,1015.43,2223.0,57.18,3525.76
2024-03-26,165.08,9519.44,1031.12,2228.18,56.7,3543.75
2024-03-27,164.69,9477.79,980.77,2211.24,57.51,3502.79
2024-03-28,164.22,9481.0,991.89,2225.36,57.31,3520.96
2024-03-29,164.3,9487.33,980.77,2214.06,57.76,3537.48
2024-04-01,166.02,9579.94,989.27,2230.54,57.05,3595.65
2024-04-02,165.67,9543.06,955.59,2190.05,57.72,3580.68
2024-04-03,164.42,9548.69,959.51,2157.1,58.26,3567.8
2024-04-08,165.08,9305.24,935.97,2187.23,58.25,3536.41
2024-04-09,164.73,9282.93,949.38,2193.82,58.36,3533.49
2024-04-10,165.43,9211.37,924.53,2189.58,58.8,3504.71
2024-04-11,164.69,9211.47,922.56,2165.57,58.67,3504.24
2024-04-12,163.99,9141.28,928.78,2125.56,58.4,3475.84
2024-04-15,166.76,9336.99,928.12,2147.68,59.72,3549.08
2024-04-16,166.45,9322.02,897.06,2133.56,60.37,3511.11
2024-04-17,168.6,9306.94,911.12,2139.68,60.57,3565.4
2024-04-18,169.97,9325.94,903.6,2043.65,60.03,3569.8
2024-04-19,169.85,9204.64,882.02,2012.11,60.56,3541.66
2024-04-22,168.76,9347.44,910.14,2020.58,58.97,3530.9
2024-04-23,168.91,9433.97,921.26,2124.62,58.57,3506.22
2024-04-24,169.23,9440.6,923.87,2107.2,58.47,3521.62
2024-04-25,172.9,9437.79,952.32,2135.44,58.63,3530.28
2024-04-26,173.22,9520.15,960.49,2197.11,58.22,3584.27
2024-04-29,174.78,9492.86,994.5,2223.95,57.67,3623.91
2024-04-30,172.55,9497.89,973.9,2223.0,58.5,3604.39
2024-05-06,174.78,9775.26,1032.43,2270.08,58.22,3657.88
2024-05-07,174.74,9824.5,1028.18,2273.37,58.6,3659.01
2024-05-08,173.57,9794.2,986.98,2235.24,59.82,3630.22
2024-05-09,174.62,9754.15,994.17,2257.84,59.52,3664.56
2024-05-10,177.67,9668.63,983.71,2238.07,59.64,3666.28
2024-05-13,178.81,9502.91,1019.03,2193.35,59.45,3664.69
2024-05-14,176.58,9482.71,1035.37,2183.93,58.94,3657.05
2024-05-15,175.44,9472.76,1021.64,2152.86,58.84,3626.06
2024-05-16,180.14,9495.37,1057.61,2153.8,58.27,3640.36
2024-05-17,182.48,9548.13,1053.69,2156.63,58.56,3677.97
2024-05-20,180.65,9517.99,1053.03,2112.38,59.6,3690.96
2024-05-21,180.1,9497.89,1061.21,2111.91,60.64,3676.16
2024-05-22,179.39,9461.26,1093.58,2099.67,60.41,3684.45
2024-05-23,177.2,9432.61,1082.13,2076.6,60.67,3641.79
2024-05-24,174.23,9357.59,1049.44,2047.88,59.98,3601.48
2024-05-27,175.8,9322.62,1061.86,2060.12,60.67,3635.71
2024-05-28,174.58,9295.09,1036.36,2086.96,61.57,3609.17
2024-05-29,173.57,9342.12,1038.64,2075.19,62.12,3613.52
2024-05-30,172.67,9216.5,1073.96,2068.6,61.76,3594.31
2024-05-31,172.43,9213.73,1058.59,2044.12,61.0,3579.92
2024-06-03,171.93,9168.21,1082.13,2050.71,62.01,3588.75
2024-06-04,173.45,9237.6,1089.33,2113.32,61.01,3615.67
2024-06-05,171.3,9191.37,1094.23,2117.56,61.42,3594.79
2024-06-06,171.34,9170.32,1101.43,2070.01,62.83,3592.25
2024-06-07,171.3,9066.66,1072.0,2034.23,62.82,3574.11
2024-06-11,168.84,8814.52,1058.26,2061.06,62.11,3542.88
2024-06-12,167.78,8827.98,1111.89,2031.88,63.32,3544.12
2024-06-13,166.72,8744.22,1105.68,2029.99,63.25,3526.13
2024-06-14,170.6,8744.17,1142.3,2022.46,63.02,3541.53
2024-06-17,170.28,8676.33,1228.95,2052.12,62.21,3536.2
2024-06-18,170.2,8575.84,1261.32,2025.76,62.24,3545.59
2024-06-19,171.93,8627.97,1263.94,1997.04,62.11,3528.75
2024-06-20,171.38,8623.45,1237.45,1961.26,63.3,3503.28
2024-06-21,170.17,8477.23,1252.5,1934.9,62.78,3495.62
2024-06-24,171.61,8505.12,1257.73,1946.67,62.92,3476.81
2024-06-25,172.51,8555.87,1234.18,1918.9,62.6,3457.9
2024-06-26,171.57,8568.78,1268.19,1928.31,62.42,3480.26
2024-06-27,172.36,8575.16,1289.44,1897.24,62.17,3454.12
2024-06-28,172.08,8459.09,1304.49,1860.52,63.04,3461.66
2024-07-01,172.75,8323.37,1291.41,1851.58,63.95,3478.18
2024-07-02,175.56,8576.22,1297.29,1813.92,64.47,3471.79
2024-07-03,173.14,8622.95,1290.75,1870.41,63.92,3463.41
2024-07-04,174.12,8551.3,1289.77,1860.05,64.07,3445.81
2024-07-05,170.87,8386.78,1285.52,1934.43,63.77,3431.06
2024-07-08,171.3,8220.97,1306.45,1895.83,64.31,3401.76
2024-07-09,173.18,8311.56,1372.5,1885.47,64.33,3439.81
2024-07-10,174.0,8309.35,1362.36,1905.25,62.64,3428.97
2024-07-11,174.75,8432.46,1395.03,1961.26,62.61,3468.17
2024-07-12,179.05,8516.52,1366.91,2002.21,62.14,3472.4
2024-07-15,178.19,8496.83,1369.2,1979.14,63.32,3476.25
2024-07-16,178.23,8502.35,1440.48,1987.14,63.34,3498.28
2024-07-17,179.32,8629.98,1403.86,2024.33,62.65,3501.58
2024-07-18,179.4,8610.44,1367.89,2043.63,62.98,3520.93
2024-07-19,180.03,8751.69,1341.73,2047.4,62.9,3539.02
2024-07-22,176.47,8617.93,1327.67,2072.82,62.66,3514.92
2024-07-23,176.47,8396.83,1285.49,2008.8,61.99,3439.88
2024-07-24,175.84,8321.56,1267.5,2008.33,62.69,3418.17
2024-07-25,174.47,8273.68,1241.67,2011.15,62.18,3399.27
2024-07-26,172.68,8231.97,1268.81,1992.79,61.73,3409.29
2024-07-29,172.99,8110.52,1283.85,1965.49,61.77,3390.74
2024-07-30,172.87,8019.92,1253.77,1942.42,60.73,3369.38
2024-07-31,174.08,8227.4,1278.95,2046.46,60.68,3442.08
2024-08-01,174.01,8050.93,1265.87,2034.22,60.34,3419.27
2024-08-02,172.32,8047.36,1244.94,2044.57,60.04,3384.39
2024-08-05,171.62,8170.77,1157.31,2067.17,59.4,3343.32
2024-08-06,170.06,8144.09,1186.08,2079.41,59.08,3342.98
2024-08-07,169.59,8198.36,1175.95,2043.63,59.81,3341.49
2024-08-08,170.96,8274.68,1190.33,2063.87,59.82,3342.94
2024-08-09,172.52,8305.38,1216.82,2056.34,59.98,3331.63
2024-08-12,171.7,8301.87,1220.09,2113.3,60.23,3325.86
2024-08-13,170.99,8236.09,1238.73,2068.11,60.01,3334.39
2024-08-14,170.68,8187.3,1224.67,2060.11,60.06,3309.24
2024-08-15,174.2,8255.59,1229.24,2079.88,61.12,3341.95
2024-08-16,175.73,8277.24,1240.04,2089.29,61.46,3345.63
2024-08-19,176.78,8248.3,1229.57,2041.75,61.28,3356.97
2024-08-20,177.02,8234.63,1226.63,2048.34,60.62,3332.7
2024-08-21,176.08,8208.81,1251.81,2051.16,60.7,3321.64
2024-08-22,176.31,8170.97,1264.89,2127.43,60.86,3313.14
2024-08-23,177.88,8195.79,1267.83,2112.83,61.21,3327.19
2024-08-26,178.15,8180.77,1250.17,2098.71,61.28,3324.22
2024-08-27,177.88,8140.92,1223.69,2111.89,62.63,3305.33
2024-08-28,177.8,8065.2,1225.65,2107.18,62.34,3286.5
2024-08-29,174.87,8187.3,1246.25,2145.79,61.68,3277.68
2024-08-30,171.82,8337.49,1317.86,2136.84,61.48,3321.43
2024-09-02,170.96,8095.35,1289.41,2126.01,62.01,3265.01
2024-09-03,169.74,8170.72,1292.03,2158.02,61.11,3273.43
2024-09-04,168.73,8120.47,1266.19,2154.73,60.59,3252.16
2024-09-05,168.1,8144.99,1246.25,2177.8,59.65,3257.76
2024-09-06,168.3,8110.42,1202.76,2149.55,58.97,3231.35
2024-09-09,164.35,7994.85,1202.43,2156.61,58.15,3192.95
2024-09-10,164.15,8009.93,1222.7,2153.32,58.42,3195.76
2024-09-11,163.72,8019.97,1210.61,2198.04,57.67,3186.13
2024-09-12,164.31,7794.16,1222.05,2176.38,58.54,3172.47
2024-09-13,165.76,7638.74,1243.63,2166.97,58.78,3159.25
2024-09-18,167.75,7451.67,1202.76,2183.45,59.17,3171.01
2024-09-19,166.62,7422.02,1198.83,2177.8,58.93,3196.04
2024-09-20,167.08,7436.7,1225.65,2069.99,59.43,3201.05
2024-09-23,168.84,7424.74,1221.72,2069.99,60.03,3212.76
2024-09-24,175.65,7982.79,1296.6,2114.72,62.11,3351.91
2024-09-25,179.64,8115.45,1286.47,2123.19,62.71,3401.53
2024-09-26,184.45,8768.67,1285.16,2246.53,63.66,3545.32
2024-09-27,185.42,9272.15,1352.52,2351.03,62.74,3703.68
2024-09-30,193.17,9869.1,1449.96,2521.45,64.53,4017.85
2024-10-08,202.51,9743.48,1543.81,2696.1,63.37,4256.1
2024-10-09,190.82,9101.06,1404.84,2492.26,61.28,3955.98
2024-10-10,197.55,9326.42,1449.63,2534.16,63.88,3997.79
2024-10-11,196.37,9150.5,1408.76,2422.59,63.53,3887.17
2024-10-14,199.89,9135.43,1467.29,2478.61,63.6,3961.34
2024-10-15,196.65,8895.54,1454.54,2441.42,62.74,3855.99
2024-10-16,200.56,8736.01,1412.36,2374.57,62.46,3831.59
2024-10-17,196.61,8595.82,1400.91,2376.45,61.92,3788.22
2024-10-18,198.8,8828.97,1482.33,2435.77,62.91,3925.23
2024-10-21,198.01,8767.66,1514.05,2439.54,62.25,3935.2
2024-10-22,199.27,8839.02,1534.65,2448.95,62.37,3957.78
2024-10-23,201.18,8962.12,1507.18,2445.66,61.98,3973.21
2024-10-24,199.81,8885.24,1465.98,2350.56,62.22,3928.83
2024-10-25,198.99,8918.66,1446.37,2319.02,61.86,3956.42
2024-10-28,196.72,8949.56,1455.52,2346.8,62.03,3964.16
2024-10-29,197.04,8781.83,1448.65,2327.5,61.91,3924.65
2024-10-30,194.22,8783.74,1434.27,2281.36,61.37,3889.45
2024-10-31,192.19,8762.59,1409.42,2253.12,60.97,3891.04
2024-11-01,194.73,8792.54,1408.43,2298.31,62.0,3890.02
2024-11-04,197.62,8865.14,1428.71,2318.55,61.68,3944.76
2024-11-05,198.91,9009.81,1441.46,2351.03,61.96,4044.57
2024-11-06,196.88,8979.71,1380.31,2354.33,61.26,4024.28
2024-11-07,200.83,9372.35,1367.23,2413.17,61.74,4145.7
2024-11-08,197.82,9175.53,1346.63,2389.64,61.12,4104.05
2024-11-11,195.98,9115.43,1359.71,2386.34,60.31,4131.13
2024-11-12,193.09,9010.86,1387.18,2379.75,59.84,4085.74
2024-11-13,193.99,9017.4,1388.82,2382.57,60.3,4110.89
2024-11-14,194.93,8993.78,1340.09,2340.21,60.54,4039.62
2024-11-15,193.99,8919.41,1313.93,2304.9,61.07,3968.83
2024-11-18,194.3,8919.41,1288.1,2281.36,62.36,3950.38
2024-11-19,193.6,8833.59,1288.76,2292.19,62.04,3976.89
2024-11-20,192.66,8848.11,1290.72,2434.83,61.97,3985.77
2024-11-21,192.46,8849.72,1311.65,2422.12,62.12,3989.3
2024-11-22,188.63,8662.24,1259.98,2331.73,60.73,3865.7
2024-11-25,187.73,8615.76,1227.61,2307.72,61.04,3848.09
2024-11-26,188.4,8668.17,1243.96,2351.03,60.73,3840.18
2024-11-27,189.22,8718.67,1308.38,2412.7,61.53,3907.04
2024-11-28,188.71,8713.4,1277.97,2399.05,61.2,3872.55
2024-11-29,188.2,8752.29,1293.66,2445.66,60.89,3916.58
2024-12-02,188.86,8748.57,1355.14,2434.36,60.54,3947.63
2024-12-03,191.25,8757.31,1346.96,2395.76,61.16,3951.89
2024-12-04,190.04,8723.45,1323.42,2384.93,63.03,3930.56
2024-12-05,190.43,8678.22,1316.22,2363.74,62.85,3921.59
2024-12-06,193.52,8728.52,1343.69,2391.05,63.27,3973.14
2024-12-09,193.52,8717.42,1332.9,2383.99,63.43,3966.57
2024-12-10,197.04,8857.05,1365.93,2325.14,63.47,3995.64
2024-12-11,195.86,8801.83,1377.7,2326.08,64.31,3988.83
2024-12-12,197.82,8953.58,1381.62,2320.91,64.04,4028.5
2024-12-13,191.95,8718.42,1355.79,2252.65,63.53,3933.18
2024-12-16,193.67,8759.62,1329.63,2228.17,64.38,3911.84
2024-12-17,194.1,8914.39,1346.63,2248.41,63.73,3922.03
2024-12-18,196.72,8982.22,1338.79,2252.65,63.99,3941.89
2024-12-19,194.77,8879.26,1391.43,2250.29,63.54,3945.46
2024-12-20,194.34,8853.5,1378.68,2236.64,62.27,3927.74
2024-12-23,196.06,8875.86,1351.87,2217.81,62.71,3933.57
2024-12-24,199.46,8938.01,1382.6,2240.41,62.67,3983.69
2024-12-25,200.17,8893.7,1371.81,2254.06,63.83,3985.63
2024-12-26,200.48,8882.59,1412.69,2230.05,63.06,3987.48
2024-12-27,199.93,8888.52,1380.97,2229.58,63.12,3981.03
2024-12-30,201.03,8868.57,1390.78,2231.46,63.71,3999.05
2024-12-31,199.77,8863.55,1361.68,2220.16,64.41,3934.91
2025-01-02,196.69,8682.65,1310.99,2175.44,63.52,3820.4
2025-01-03,197.27,8617.33,1311.65,2147.67,63.0,3775.16
2025-01-06,198.8,8441.46,1303.8,2178.27,62.74,3768.97
2025-01-07,198.21,8442.47,1351.87,2132.6,62.03,3796.11
2025-01-08,199.7,8454.03,1309.03,2109.54,61.81,3789.22
2025-01-09,198.6,8461.56,1304.45,2087.41,60.5,3779.88
2025-01-10,198.52,8421.37,1276.66,2068.11,60.11,3732.48
2025-01-13,198.87,8461.46,1266.85,2074.7,59.82,3722.51
2025-01-14,201.92,8604.77,1324.07,2144.37,60.25,3820.54
2025-01-15,205.01,8598.59,1306.41,2125.07,60.14,3796.03
2025-01-16,206.38,8473.52,1311.32,2078.94,60.63,3800.38
2025-01-17,205.29,8515.58,1309.36,2076.11,60.54,3812.34
2025-01-20,202.98,8616.33,1362.66,2155.2,59.67,3829.68
2025-01-21,203.06,8582.91,1398.62,2183.92,59.14,3832.61
2025-01-22,200.36,8446.49,1339.77,2150.96,59.02,3797.02
2025-01-23,201.85,8456.54,1324.4,2128.84,59.34,3803.74
2025-01-24,203.53,8421.37,1368.54,2160.85,60.01,3832.86
2025-01-27,205.05,8416.29,1343.04,2161.32,60.93,3817.08
2025-02-05,202.51,8259.57,1350.56,2131.19,59.75,3795.08
2025-02-06,203.29,8304.99,1388.49,2147.67,59.88,3842.83
2025-02-07,203.29,8421.37,1421.84,2191.45,59.82,3892.7
2025-02-10,204.86,8398.8,1423.8,2172.15,59.52,3901.06
2025-02-11,206.34,8330.92,1409.74,2139.67,59.48,3883.14
2025-02-12,208.85,8456.54,1479.06,2151.43,59.15,3919.86
2025-02-13,209.2,8567.39,1448.33,2160.85,59.04,3905.14
2025-02-14,210.45,8617.33,1452.25,2201.33,59.06,3939.01
2025-02-17,209.24,8600.35,1427.4,2190.04,58.21,3947.4
2025-02-18,210.53,8617.33,1405.16,2169.32,57.54,3912.78
2025-02-19,210.25,8697.73,1426.75,2164.14,57.03,3940.16
2025-02-20,209.75,8612.31,1465.98,2248.41,57.14,3928.9
2025-02-21,207.99,8683.71,1499.66,2332.2,56.31,3978.44
2025-02-24,207.48,8637.78,1497.05,2323.26,56.69,3969.72
2025-02-25,206.54,8511.81,1538.9,2289.37,56.56,3925.65
2025-02-26,208.3,8542.01,1498.68,2297.84,56.47,3959.94
2025-02-27,211.82,8670.39,1486.58,2314.79,56.67,3968.12
2025-02-28,210.53,8746.92,1439.83,2222.99,56.38,3890.05
2025-03-03,210.53,8677.73,1412.36,2221.11,56.47,3888.47
2025-03-04,209.55,8592.76,1397.32,2218.28,56.28,3885.22
2025-03-05,213.81,8573.97,1399.28,2223.93,56.66,3902.57
2025-03-06,214.09,8773.0,1414.32,2249.35,56.42,3956.24
2025-03-07,216.47,8848.47,1386.85,2209.81,56.82,3944.01
2025-03-10,214.52,8858.02,1372.14,2200.86,57.03,3928.8
2025-03-11,216.24,8987.56,1345.65,2193.8,57.36,3941.42
2025-03-12,216.35,8956.91,1354.81,2177.8,56.86,3927.23
2025-03-13,217.53,8932.74,1348.92,2179.21,58.15,3911.58
2025-03-14,222.69,9386.18,1369.52,2250.29,58.1,4006.56
2025-03-17,222.22,9435.67,1358.73,2247.47,57.96,3996.79
2025-03-18,222.61,9366.03,1364.94,2248.41,57.61,4007.72
2025-03-19,226.05,9424.87,1360.69,2285.6,57.61,4010.17
2025-03-20,223.0,9265.53,1350.56,2254.53,57.68,3974.99
2025-03-21,220.89,9113.53,1332.25,2170.74,57.55,3914.7
2025-03-24,222.26,9160.01,1371.48,2147.2,58.05,3934.85
2025-03-25,222.41,9122.32,1362.33,2171.68,58.68,3932.3
2025-03-26,212.91,9124.84,1361.68,2235.7,58.96,3919.36
2025-03-27,215.26,9190.16,1362.33,2337.38,58.91,3932.41
2025-03-28,215.1,9171.11,1376.39,2347.74,58.76,3915.17
2025-03-31,215.38,9049.46,1365.93,2375.51,59.28,3887.31
2025-04-01,213.73,9024.44,1351.21,2497.91,59.58,3887.68
2025-04-02,213.19,8989.27,1315.57,2453.19,59.58,3884.39
2025-04-03,212.87,9089.06,1187.06,2462.13,59.89,3861.5
2025-04-07,205.76,8742.95,1071.31,2351.98,58.27,3589.44
2025-04-08,207.01,8969.07,977.14,2351.98,60.11,3650.76
2025-04-09,204.31,8949.17,966.67,2329.38,60.39,3686.79
2025-04-10,206.81,8989.17,1033.71,2342.56,59.92,3735.12
2025-04-11,208.42,9089.56,1081.12,2336.91,58.95,3750.52
2025-04-14,208.3,9004.19,1081.77,2359.98,59.53,3759.14
2025-04-15,210.72,9034.39,1036.32,2331.73,59.53,3761.23
2025-04-16,211.31,9040.27,996.43,2361.39,60.39,3772.82
2025-04-17,210.8,9094.69,992.18,2355.74,60.21,3772.22
2025-04-18,213.26,9074.29,1008.2,2319.02,60.13,3772.52
2025-04-21,211.43,8999.22,1038.28,2374.1,59.85,3784.88
2025-04-22,210.37,8988.16,1019.64,2458.84,59.57,3783.95
2025-04-23,210.29,9004.24,1059.86,2464.49,59.47,3786.88
2025-04-24,211.15,9005.5,1034.69,2466.37,59.87,3784.36
2025-04-25,210.64,8994.19,1062.48,2425.88,59.61,3786.99
2025-04-28,211.7,8994.19,1040.9,2411.76,58.93,3781.62
2025-04-29,210.33,8964.04,1027.17,2394.34,59.2,3775.08
2025-04-30,205.41,8979.12,1037.63,2464.96,59.23,3770.57
2025-05-06,207.87,8995.2,1069.02,2460.25,59.28,3808.54
2025-05-07,210.41,9019.32,1059.54,2484.26,59.71,3831.63
2025-05-08,213.46,9135.84,1099.43,2486.61,59.48,3852.9
2025-05-09,216.12,9201.11,1077.85,2545.46,59.77,3846.16
2025-05-12,217.37,9268.04,1144.55,2445.66,59.49,3890.61
2025-05-13,220.34,9196.69,1134.09,2471.08,59.98,3896.26
2025-05-14,221.32,9421.25,1124.94,2549.69,60.21,3943.21
2025-05-15,221.75,9406.27,1096.81,2586.88,60.99,3907.2
2025-05-16,219.21,9316.43,1091.58,2594.41,60.39,3889.09
2025-05-19,217.53,9139.81,1082.75,2575.58,60.11,3877.15
2025-05-20,217.76,9175.08,1094.85,2622.66,60.08,3898.17
2025-05-21,217.76,9149.81,1079.16,2692.8,61.03,3916.38
2025-05-22,220.15,9144.94,1067.71,2676.8,61.33,3913.87
2025-05-23,218.35,9107.75,1052.34,2634.42,60.63,3882.27
2025-05-26,217.37,8996.7,1050.38,2580.28,60.56,3860.11
2025-05-27,217.14,8963.54,1026.84,2583.57,60.45,3839.4
2025-05-28,216.9,8928.87,1022.59,2622.65,60.74,3836.24
2025-05-29,216.08,8943.94,1055.94,2615.59,60.72,3858.7
2025-05-30,215.92,8853.5,1022.91,2645.71,60.49,3840.23
2025-06-03,218.04,8788.18,1020.3,2652.3,60.1,3852.01
2025-06-04,218.39,8793.0,1035.99,2671.61,60.22,3868.74
2025-06-05,219.6,8813.3,1063.13,2605.23,60.23,3877.56
2025-06-06,219.99,8775.06,1053.0,2601.46,60.47,3873.98
2025-06-09,220.5,8673.16,1072.94,2627.83,60.43,3885.25
2025-06-10,220.77,8617.38,1068.04,2664.07,60.58,3865.47
2025-06-11,223.27,8642.46,1074.25,2644.3,60.63,3894.63
2025-06-12,222.96,8536.94,1070.0,2696.56,59.95,3892.2
2025-06-13,222.77,8375.89,1050.71,2605.7,60.19,3864.18
2025-06-16,225.11,8352.48,1072.29,2599.58,59.97,3873.8
2025-06-17,225.89,8376.14,1097.14,2509.2,60.43,3870.38
2025-06-18,225.39,8366.09,1105.97,2507.78,60.15,3874.97
2025-06-19,224.53,8371.12,1098.78,2496.96,60.32,3843.09
2025-06-20,225.93,8384.48,1114.8,2505.43,60.37,3846.64
2025-06-23,226.95,8340.97,1114.14,2514.84,60.78,3857.9
2025-06-24,228.91,8427.4,1115.45,2523.79,60.78,3904.03
2025-06-25,231.84,8420.66,1115.78,2561.45,61.08,3960.07
2025-06-26,233.32,8479.65,1106.95,2520.49,60.97,3946.02
2025-06-27,226.83,8394.68,1136.38,2514.37,60.86,3921.76
2025-06-30,225.78,8426.99,1163.19,2512.02,61.47,3936.08
2025-07-01,227.73,8404.78,1163.85,2538.38,61.87,3942.76
2025-07-02,229.49,8427.4,1138.01,2528.5,62.47,3943.68
2025-07-03,228.36,8457.54,1198.51,2538.85,61.33,3968.07
2025-07-04,230.16,8490.81,1182.81,2576.04,61.98,3982.2
2025-07-07,230.67,8432.92,1165.15,2547.33,60.89,3965.17
2025-07-08,232.31,8460.11,1185.1,2582.63,60.91,3998.45
2025-07-09,230.39,8474.03,1183.14,2761.05,60.69,3991.4
2025-07-10,234.73,8512.31,1198.18,2780.35,60.65,4010.02
2025-07-11,232.39,8514.83,1198.18,2747.4,59.99,4014.81
2025-07-14,232.11,8497.74,1191.64,2761.99,60.61,4017.67
2025-07-15,230.74,8434.43,1238.07,2762.46,60.66,4019.06
2025-07-16,230.31,8434.58,1246.9,2762.46,60.47,4007.2
2025-07-17,229.88,8461.31,1323.74,2786.47,60.32,4034.49
2025-07-18,230.08,8565.07,1301.83,2834.96,60.59,4058.55
2025-07-21,229.3,8595.22,1299.54,2799.18,60.96,4085.61
2025-07-22,229.65,8705.67,1280.9,2771.41,62.67,4118.96
2025-07-23,230.35,8758.53,1276.65,2758.22,62.01,4119.77
2025-07-24,229.41,8838.93,1273.71,2775.64,62.01,4149.04
2025-07-25,229.22,8655.52,1288.75,2723.86,61.62,4127.16
2025-07-28,227.69,8573.42,1270.11,2989.36,60.99,4135.82
2025-07-29,226.52,8575.12,1263.9,3072.22,61.01,4152.02
2025-07-30,227.62,8627.58,1269.46,3062.33,61.69,4151.24
2025-07-31,227.85,8488.04,1233.16,3029.85,61.35,4075.59
2025-08-01,227.62,8464.58,1233.49,2955.0,60.75,4054.93
2025-08-18,224.06,8522.36,1329.95,3038.32,62.42,4239.41
2025-08-19,223.63,8570.1,1313.93,2972.89,61.46,4223.37
2025-08-20,223.82,8630.4,1344.99,3027.5,61.82,4271.4
2025-08-21,223.9,8621.6,1414.97,3081.16,61.63,4288.07
2025-08-22,223.08,8700.49,1431.65,3127.77,61.69,4378.0
2025-08-25,225.46,8833.05,1439.82,3188.02,62.29,4469.22
2025-08-26,224.1,8789.23,1526.47,3142.83,62.02,4452.59
2025-08-27,222.06,8620.35,1506.2,3036.91,61.42,4386.13
2025-08-28,221.98,8610.8,1542.82,3035.97,61.09,4463.78
2025-08-29,221.63,8781.14,1538.9,3186.61,60.66,4496.76
2025-09-01,218.07,8761.54,1515.68,3286.41,61.09,4523.71
2025-09-02,223.78,8837.92,1467.62,3310.89,61.35,4490.45
2025-09-03,221.67,8783.9,1448.65,3457.29,60.97,4459.83
2025-09-04,222.26,8744.26,1486.91,3300.53,61.36,4365.21
2025-09-05,221.12,8796.21,1578.79,3480.36,61.35,4460.32
2025-09-08,219.83,8887.82,1662.17,3472.83,61.24,4467.57
2025-09-09,221.4,8906.76,1595.47,3415.4,61.33,4436.26
2025-09-10,222.06,8992.23,1607.89,3379.15,61.36,4445.36
2025-09-11,223.24,8999.72,1765.17,3283.59,61.47,4548.03
2025-09-12,220.26,8962.03,1758.96,3317.48,60.95,4522.0
2025-09-15,219.01,8957.51,1759.94,3321.72,61.38,4533.06
2025-09-16,217.17,8881.54,1748.5,3324.07,61.6,4523.34
2025-09-17,217.21,8846.46,1736.07,3370.2,62.17,4551.02
2025-09-18,213.58,8720.64,1772.04,3415.4,61.47,4498.11
2025-09-19,214.24,8720.69,1847.25,3347.61,61.79,4501.92
2025-09-22,213.93,8647.23,2028.4,3413.51,61.7,4522.61
2025-09-23,216.39,8617.43,2183.72,3349.96,62.05,4519.78
2025-09-24,215.49,8590.2,2330.87,3369.26,62.14,4566.07
2025-09-25,213.54,8575.12,2283.12,3470.95,61.91,4593.49
2025-09-26,213.46,8555.02,2136.31,3367.85,61.95,4550.05
2025-09-29,212.99,8684.97,2154.29,3326.42,61.54,4620.05
2025-09-30,211.94,8600.2,2150.69,3437.05,61.69,4640.69
2025-10-09,211.62,8563.97,2170.64,3418.22,62.63,4709.48
2025-10-10,211.04,8529.9,2023.5,3279.35,62.96,4616.83
2025-10-13,210.76,8475.63,1923.76,3221.92,63.14,4593.98
2025-10-14,215.26,8635.52,1834.17,3094.34,63.84,4539.06
2025-10-15,216.2,8690.69,1938.48,3194.61,64.05,4606.29
2025-10-16,217.88,8805.81,1971.18,3215.33,65.2,4618.42
2025-10-17,216.55,8655.52,1849.86,3133.42,65.09,4514.23
2025-10-20,215.88,8670.24,1904.15,3134.83,65.42,4538.22
2025-10-21,218.07,8692.0,2034.94,3175.78,64.99,4607.87
2025-10-22,217.96,8674.11,2000.93,3140.95,65.33,4592.57
2025-10-23,219.09,8720.74,2001.91,3135.3,65.41,4606.34
2025-10-24,217.96,8630.4,2125.19,3152.25,65.69,4660.68
2025-10-27,216.55,8582.21,2173.91,3223.33,65.88,4716.02
2025-10-28,216.59,8605.27,2149.71,3063.74,65.78,4691.97
2025-10-29,213.34,8539.45,2235.38,3082.57,65.33,4747.84
2025-10-30,215.02,8513.52,2162.14,3028.91,66.23,4709.91
2025-10-31,213.81,8529.95,2095.43,3088.69,65.7,4640.67
2025-11-03,217.33,8555.02,2092.82,3053.39,66.61,4653.4
2025-11-04,222.1,8524.88,2014.99,2983.72,66.71,4618.7
2025-11-05,221.28,8480.05,2029.38,2985.6,66.77,4627.26
2025-11-06,219.48,8555.68,2051.62,3007.25,67.18,4693.4
2025-11-07,220.15,8546.63,1994.07,2967.71,66.92,4678.79
2025-11-10,220.97,8692.2,1945.02,2979.48,67.32,4695.05
2025-11-11,221.91,8675.57,1882.56,2943.23,66.97,4652.17
2025-11-12,221.79,8706.52,1924.42,2992.19,66.77,4645.91
2025-11-13,222.88,8732.8,1911.67,3060.92,66.79,4702.07
2025-11-14,223.04,8663.56,1883.22,3029.85,66.26,4628.14
2025-11-17,220.69,8735.92,1884.53,2978.07,66.57,4598.05
2025-11-18,221.59,8761.04,1886.49,2977.12,66.08,4568.19
2025-11-19,222.92,8735.97,1891.07,2945.58,66.69,4588.29
2025-11-20,222.96,8716.37,1858.37,2922.99,66.17,4564.95
2025-11-21,222.06,8713.81,1763.54,2869.79,66.24,4453.61
2025-11-24,220.62,8640.45,1776.62,2924.4,65.37,4448.05
2025-11-25,223.04,8603.51,1856.73,2934.76,65.37,4490.4
2025-11-26,223.04,8626.13,1918.86,3004.43,65.17,4517.63
2025-11-27,222.81,8616.83,1897.93,2991.72,65.62,4515.4
2025-11-28,221.87,8632.91,1924.75,2991.25,65.31,4526.66
2025-12-01,223.78,8620.35,1951.89,2984.66,65.51,4576.49
2025-12-02,223.55,8560.2,1997.34,2946.05,65.77,4554.33
2025-12-03,222.1,8525.38,1958.75,2938.99,65.81,4531.05
2025-12-04,222.92,8499.65,1985.24,2952.17,65.92,4546.57
2025-12-05,223.82,8529.95,1972.81,2969.59,65.7,4584.54
2025-12-08,222.77,8470.71,1999.95,3009.14,65.07,4621.75
2025-12-09,222.22,8384.23,2016.96,3038.32,64.65,4598.22
2025-12-10,216.98,8393.23,1981.97,3052.45,64.35,4591.83
2025-12-11,216.9,8439.4,1940.11,3053.39,64.48,4552.18
2025-12-12,217.14,8482.92,2009.76,3047.74,64.17,4580.95
2025-12-15,217.37,8509.8,1911.01,2958.29,64.08,4552.06
2025-12-16,216.98,8489.7,1910.03,2853.32,64.34,4497.55
2025-12-17,216.28,8545.48,1953.52,2907.45,64.17,4579.88
2025-12-18,219.6,8534.93,1898.59,2893.33,65.0,4552.79
2025-12-19,218.11,8549.78,1892.05,2933.34,64.76,4568.18
2025-12-22,217.25,8541.04,1923.11,2937.11,65.05,4611.62
2025-12-23,217.8,8539.03,1933.57,2978.07,65.32,4620.73
2025-12-24,217.49,8504.06,1974.12,2951.23,64.42,4634.06
2025-12-25,217.29,8570.74,1978.7,2959.24,64.3,4642.54
2025-12-26,216.98,8570.54,1945.02,2943.23,64.24,4657.24
2025-12-29,217.64,8509.59,1939.13,2917.34,64.37,4639.37
2025-12-30,219.25,8447.88,1934.23,2901.8,64.62,4651.28
2025-12-31,218.54,8384.87,1889.76,2873.09,64.67,4629.94
2026-01-05,219.52,8630.18,1949.92,3038.32,64.43,4717.75
2026-01-06,221.01,8640.28,1971.83,3037.38,64.95,4790.69
2026-01-07,218.74,8616.92,1917.22,3074.57,65.43,4776.67
2026-01-08,216.51,8561.34,1839.07,3062.8,65.62,4737.65
2026-01-09,215.42,8595.51,1855.1,3071.28,66.62,4758.92
2026-01-12,214.71,8616.26,1847.9,3074.57,66.03,4789.92
2026-01-13,214.75,8554.81,1820.11,3106.11,66.07,4761.03
2026-01-14,210.61,8489.54,1787.41,3063.27,65.91,4741.93
2026-01-15,210.76,8443.71,1911.34,3042.56,65.73,4751.43
2026-01-16,209.29,8409.09,1934.56,2984.66,65.17,4731.87
2026-01-19,208.62,8378.94,1927.36,2946.05,64.87,4734.46
2026-01-20,209.33,8366.63,1914.28,2916.87,65.02,4718.88
2026-01-21,207.41,8253.62,1901.2,2898.04,64.25,4723.07
2026-01-22,205.89,8198.35,1879.95,2866.97,64.82,4723.71
2026-01-23,204.52,8182.97,1850.19,2845.78,64.17,4702.5
2026-01-26,206.55,8208.1,1804.09,2806.71,65.82,4706.96
2026-01-27,206.86,8213.17,1791.99,2761.52,64.82,4705.69
2026-01-28,205.69,8116.09,1777.6,2730.92,65.35,4717.99
2026-01-29,208.55,8689.07,1732.15,2804.36,65.55,4753.87
2026-01-30,209.09,8504.56,1725.61,2806.71,66.1,4706.34
2026-02-02,208.23,8635.21,1742.94,2728.1,64.38,4605.98
2026-02-03,207.65,8875.99,1750.79,2774.23,63.77,4660.11
2026-02-04,210.42,9127.63,1732.48,2780.35,66.59,4698.68
2026-02-05,213.16,9278.38,1725.94,2806.71,66.03,4670.42
2026-02-06,212.73,9077.44,1708.61,2766.7,65.84,4643.6
2026-02-09,212.26,9127.43,1726.59,2773.29,66.38,4719.06
2026-02-10,211.71,9026.13,1725.61,2818.01,66.65,4724.3
2026-02-11,211.95,9023.77,1707.95,2841.55,67.03,4713.82
2026-02-12,210.34,8934.68,1689.64,2834.02,66.73,4719.58
2026-02-13,209.25,8928.15,1701.74,2810.01,65.62,4660.41
2026-02-24,210.15,8835.19,1696.18,2799.65,66.69,4707.54
2026-02-25,209.52,8960.11,1727.24,2792.59,66.35,4735.89
2026-02-26,209.21,8832.23,1713.51,2738.92,66.0,4726.87
2026-02-27,209.41,8776.0,1682.77,2731.39,66.43,4710.65
2026-03-02,209.09,8701.08,1646.48,2636.3,68.9,4728.67
2026-03-03,211.09,8631.14,1590.23,2592.52,69.98,4655.9
2026-03-04,208.82,8505.47,1553.94,2562.86,70.28,4602.62
2026-03-05,210.97,8494.71,1577.48,2597.7,70.05,4647.69
2026-03-06,211.16,8509.59,1587.29,2684.32,70.0,4660.44
2026-03-09,209.56,8484.46,1561.13,2655.13,72.12,4615.46
2026-03-10,211.24,8508.98,1655.63,2730.92,70.35,4674.76
2026-03-11,212.34,8499.54,1681.14,2697.03,72.0,4704.5
2026-03-12,212.34,8459.34,1665.77,2672.08,73.43,4687.56
2026-03-13,213.35,8568.07,1653.67,2663.13,73.09,4669.14
2026-03-16,213.94,8801.93,1651.38,2685.73,72.66,4671.56
2026-03-17,214.76,8926.64,1670.02,2719.15,71.91,4637.44
2026-03-18,213.98,8845.24,1654.0,2746.46,71.65,4658.33
2026-03-19,213.39,8765.2,1611.49,2705.97,73.64,4583.25
2026-03-20,213.32,8725.65,1617.37,2664.54,73.72,4567.02
2026-03-23,209.13,8540.09,1554.59,2553.45,73.67,4418.0
2026-03-24,211.36,8536.37,1555.9,2593.93,72.65,4474.72
2026-03-25,211.4,8551.14,1707.3,2615.59,71.42,4537.47
2026-03-26,212.34,8519.53,1711.87,2558.62,71.44,4532.17
