date,portfolio_return,market_return
2019-01-03,-0.018276476472622365,-0.0015839905711133
2019-01-04,0.01973415414931104,0.023674971024128
2019-01-07,0.005450613331837899,0.0060523946818614
2019-01-08,0.00471158100728724,-0.0021632260156508
2019-01-09,0.013913234112599161,0.0100487608940959
2019-01-10,0.016966732260988604,-0.0018825692380513
2019-01-11,0.00632803582489568,0.0071634217796169
2019-01-14,-0.0084629284135531,-0.0087626482383257
2019-01-15,0.02440249882339546,0.0194364527662002
2019-01-16,0.00216722408837854,0.0002109758600298
2019-01-17,-0.004524869137163561,-0.0055223879822679
2019-01-18,0.023343457159188237,0.0180749205038381
2019-01-21,0.005445757161548541,0.0054990766246236
2019-01-22,-0.013143348884428821,-0.0133736445665198
2019-01-23,0.0020788614648663,-0.0007224272596064
2019-01-24,0.01103969357705598,0.0056287381758412
2019-01-25,0.01158244835212568,0.00809999305078
2019-01-28,-0.0026029367463155017,-0.0002167000361794
2019-01-29,0.010379392511857462,0.0031954870200165
2019-01-30,-0.00654599613112834,-0.0080126795111305
2019-01-31,0.01821524727843558,0.01040807749184
2019-02-01,0.01242111039048366,0.0141946210526035
2019-02-11,0.022217863333011702,0.0180264788825872
2019-02-12,0.0027397607233780406,0.0071932458289255
2019-02-13,0.014803020493916862,0.0198271195788158
2019-02-14,-0.00289023609786124,0.0015031249291077
2019-02-15,-0.01604237958584654,-0.0188231357249612
2019-02-18,0.031190136961338745,0.0315571757970408
2019-02-19,-0.0060416352910469,-0.0017805925972104
2019-02-20,0.010661006695997422,0.0035754020507433
2019-02-21,-0.0014830185907507801,-0.0026745429771607
2019-02-22,0.0164079225334324,0.0222361279992499
2019-02-25,0.035151822493110566,0.0577737338115383
2019-02-26,-0.007167008817181959,-0.0120824164773387
2019-02-27,-0.00039980801545593973,-0.0017112408224225
2019-02-28,0.01273508096732968,-0.0024551712442826
2019-03-01,0.01701146449496046,0.0216585184531005
2019-03-04,-7.548392262009992e-05,0.0117687249132934
2019-03-05,0.0021426024282035607,0.0057581455557765
2019-03-06,-0.0096305342868594,0.0083715471756558
2019-03-07,-0.018934836956997023,-0.0102496149971047
2019-03-08,-0.01218669379678384,-0.0405255797693182
2019-03-11,0.01192019657522462,0.0195931022032286
2019-03-12,0.0009127627854682399,0.0067866611868565
2019-03-13,-0.00211556485865284,-0.0083321114055107
2019-03-14,0.009108777108811061,-0.0069247502781945
2019-03-15,0.01631586260314152,0.0124996589492945
2019-03-18,0.033323308783048566,0.0281033032871602
2019-03-19,-0.012182188618677122,-0.0046293788788977
2019-03-20,0.0016964928539848403,0.0003859493619766
2019-03-21,-0.0040272881195181805,0.0003779816606592
2019-03-22,0.0184515513416246,-0.0008056642015624
2019-03-25,-0.03228366923864094,-0.0240144686448772
2019-03-26,-0.009471957665371601,-0.011390278278242
2019-03-27,0.01991139987927206,0.011539886492012
2019-03-28,0.015585670985582,-0.0040124307859506
2019-03-29,0.035640243154625655,0.0378797882717558
2019-04-01,0.013168775708285861,0.0258965540036548
2019-04-02,-0.0053351408495833,-0.0006645505340715
2019-04-03,0.0071920712390667,0.0127280928163865
2019-04-04,0.0105513808190247,0.0099130121461378
2019-04-08,-0.0016244087929453998,-0.0012316091543096
2019-04-09,-0.0028842931298174797,0.0044757878438008
2019-04-10,0.013607067892965901,0.0025535224038254
2019-04-11,-0.0202784477578827,-0.0218406069685031
2019-04-12,0.00430971877827268,-0.0022438716184008
2019-04-15,-0.00844854860167376,-0.0032897492546605
2019-04-16,0.03243199820706214,0.0273595429068387
2019-04-17,0.00368591247617364,0.0003548255702507
2019-04-18,-0.008849295750650441,-0.0037160002169135
2019-04-19,0.010306417362729341,0.0118472852336641
2019-04-22,-0.02104538801245638,-0.0233247584717276
2019-04-23,0.01322398420304978,-0.0016408485374848
2019-04-24,0.005404848098249581,0.0027531045703201
2019-04-25,-0.00530462678838072,-0.022146162627902
2019-04-26,-0.01988012595388962,-0.0134210662360184
2019-04-29,0.021774028406848982,0.0028396855890284
2019-04-30,-0.0025203046746292194,0.0032968441106726
2019-05-06,-0.04787238216514261,-0.0601906094870573
2019-05-07,0.00732716019648508,0.0097363600303719
2019-05-08,-0.01990680803405852,-0.0144044352311348
2019-05-09,-0.018352055417528598,-0.0186488157070728
2019-05-10,0.0380181652967816,0.0356783611542102
2019-05-13,-0.021501610356115624,-0.0166833166791565
2019-05-14,-0.01069900584240888,-0.0064480362541046
2019-05-15,0.030132041352079045,0.0222302514366938
2019-05-16,-0.0108512447560691,0.0045161064836313
2019-05-17,-0.02274156741098562,-0.0257564909505469
2019-05-20,-0.0280302154248553,-0.0085240416762512
2019-05-21,0.01916840829217788,0.013450550572702
2019-05-22,-0.0016772203248655998,-0.004756602591148
2019-05-23,-0.02504268576575252,-0.0180889558162287
2019-05-24,0.011737986824406622,0.0027724119754735
2019-05-27,0.00734651781712998,0.0119734085580299
2019-05-28,0.018588365596524423,0.0095931214822076
2019-05-29,-0.00042660056242009933,-0.002276393160405
2019-05-30,0.00053580768677438,-0.0062230782522275
2019-05-31,-0.00317356353984056,-0.0031330095755531
2019-06-03,0.008931195380610761,0.0006114186755788
2019-06-04,-0.01054771390320478,-0.0092774589152538
2019-06-05,-0.005935078224005021,-0.0003780098383157
2019-06-06,-0.01285823214213142,-0.0090564570190309
2019-06-10,0.019634440647494863,0.012838449220963
2019-06-11,0.02448299615216576,0.0296173636774682
2019-06-12,-0.0013896714827035803,-0.0076055845554518
2019-06-13,-0.0029597602545114203,-0.0015481621043288
2019-06-14,-0.0008090983462639597,-0.0083130935798491
2019-06-17,-0.0006830151388980595,-1.6416542402959227e-05
2019-06-18,0.009667020333837041,0.0034961059530988
2019-06-19,0.02580232804932778,0.0130887240911474
2019-06-20,0.0271928019555489,0.0298466311081897
2019-06-21,-0.001775315217685721,0.0014146895132741
2019-06-24,0.0028569144759448,0.0019100460387371
2019-06-25,-0.01463824698067792,-0.0104572969211136
2019-06-26,0.0035391185867724197,-0.0018378969948
2019-06-27,0.02188104301500604,0.0106146504313997
2019-06-28,-0.00697622845734486,-0.0024097938534966
2019-07-01,0.039252466124789706,0.0284040019176794
2019-07-02,0.0017744589958999394,0.0003454854485918
2019-07-03,-0.02272830276182522,-0.0111459899608999
2019-07-04,-0.010927068705131321,-0.0052609811775873
2019-07-05,0.011554463817394141,0.005176221592961
2019-07-08,-0.01688237170914468,-0.0234964337122376
2019-07-09,-0.0032814884719430002,-0.0025434720765215
2019-07-10,0.006458371029422761,-0.0016860451468861
2019-07-11,-0.0024754751855022,-0.0004014812599161
2019-07-12,0.0024939811800215,0.0061917908627317
2019-07-15,0.00698928474390928,0.0040508799099335
2019-07-16,-0.005626808060318521,-0.004547231473586
2019-07-17,0.00302593876548366,-0.0005780741882694
2019-07-18,-0.00865568384334768,-0.0095708662930743
2019-07-19,0.0083431398153938,0.0104431044798931
2019-07-22,0.00097275824676668,-0.006925257332506
2019-07-23,-0.00024266801754575999,0.0021739167707678
2019-07-24,0.010275567696806862,0.0078636468998812
2019-07-25,0.012645282232511601,0.0081451127540164
2019-07-26,0.0022744883778502,0.0019456167514669
2019-07-29,-0.00183833940112924,-0.0011150238940541
2019-07-30,0.0002989795146792402,0.0041555663399408
2019-07-31,-0.00231975579047252,-0.0090738883188193
2019-08-01,-0.00427156072546598,-0.0083494946909156
2019-08-02,-0.014665624856826239,-0.0148408677593862
2019-08-05,-0.02266227043316462,-0.0193320700496033
2019-08-06,0.0025432809495579403,-0.0107659388702733
2019-08-07,0.00021513368717808026,-0.0041059558136657
2019-08-08,0.023727272693944677,0.0131292074010025
2019-08-09,-0.008568372473781902,-0.0097935553176569
2019-08-12,0.02799899156222618,0.0178849192760353
2019-08-13,-0.006094525183277419,-0.009056593943448
2019-08-14,0.013282600019245581,0.0045317606458431
2019-08-15,0.012693137253036781,0.0031451682561536
2019-08-16,0.00259673037752856,0.0044675368111963
2019-08-19,0.0173279100093452,0.0214761581020327
2019-08-20,0.01225576926396074,-0.0008866816259358
2019-08-21,-0.0043383745883168205,-0.0015773853292233
2019-08-22,-0.00042902209647288023,0.0031022021454453
2019-08-23,0.0334239342650705,0.0071838162898168
2019-08-26,-0.018507820739293402,-0.0144859962560326
2019-08-27,0.00187036040742292,0.0134621424703102
2019-08-28,-0.0026043180413883,-0.0037718906643898
2019-08-29,-0.0022380993347542403,-0.0032636339563747
2019-08-30,0.012054784956996762,0.0024770164105489
2019-09-02,0.00538672371289818,0.0127435232545699
2019-09-03,0.0032840681935441,0.0013736818776211
2019-09-04,-0.00175734707675258,0.0083699796486149
2019-09-05,0.00920094593259766,0.0100675256182631
2019-09-06,0.00785792640901132,0.0058904159860995
2019-09-09,-0.00198793814101022,0.0061705992452581
2019-09-10,-0.00784126605907188,-0.0034492269661625
2019-09-11,-0.02273812677915308,-0.0073947939886416
2019-09-12,0.01229943189150306,0.0107005404446234
2019-09-16,0.01090704798722332,-0.0036973094160976
2019-09-17,-0.0032271634439098003,-0.0169453687395115
2019-09-18,0.01712680254038744,0.0048351010069413
2019-09-19,-0.0010644442635339602,0.0036505428276353
2019-09-20,0.0106136466872024,0.0028676754982601
2019-09-23,-0.0062008612845143,-0.0114972434234081
2019-09-24,0.0058967778839438,0.0026746288278979
2019-09-25,-0.0058443585903000805,-0.0077457329178532
2019-09-26,-0.0028410584156261997,-0.0077385074175801
2019-09-27,0.009481581648422182,0.0029920256691871
2019-09-30,-0.01493456711549506,-0.0099437639662385
2019-10-08,-0.00277990262175388,0.0060505581068235
2019-10-09,-0.005791435182938961,0.0014477434919588
2019-10-10,0.01922002025828486,0.0081369944210284
2019-10-11,0.01190162275799882,0.0095269761220514
2019-10-14,0.01265593545663778,0.0105557644680238
2019-10-15,0.0045160199478278,-0.0043070024207096
2019-10-16,-0.0067954178799781405,-0.0034508504852955
2019-10-17,0.011931248227209321,0.0006447576711878
2019-10-18,-0.0128674666587887,-0.0143281131301125
2019-10-21,-0.004372514429389321,0.0029573375600386
2019-10-22,0.007404120594113001,0.0038679594356627
2019-10-23,-0.0016966249542331,-0.0063860466081705
2019-10-24,0.0032309322196780797,-0.0001059192044133
2019-10-25,0.022267320618344542,0.0067255186267377
2019-10-28,0.00960129183627068,0.0076182274479942
2019-10-29,0.009227951426483721,-0.0041751689500763
2019-10-30,-0.00235226256087376,-0.0048708927727663
2019-10-31,-0.010913533318772182,-0.0011519701761708
2019-11-01,0.015543936253128181,0.0167471263794681
2019-11-04,0.0038542324394639795,0.0064888866621359
2019-11-05,0.01185228295776386,0.0061872685929501
2019-11-06,-0.0026907588311288404,-0.0044894156169552
2019-11-07,7.656758923487996e-05,0.0017525939233894
2019-11-08,0.00045428485906298004,-0.0047357989697269
2019-11-11,-0.012916450669338901,-0.0177836298970129
2019-11-12,0.00046228972141510046,0.0001818957383769
2019-11-13,0.01172722274482974,-0.0009508347430154
2019-11-14,0.004801465688435601,0.0015065646009067
2019-11-15,-0.00879036165795432,-0.0073931172737521
2019-11-18,0.00334121980656606,0.0079229498002019
2019-11-19,0.013679329994193261,0.009958108863878
2019-11-20,-0.0099560060475155,-0.0099760213205846
2019-11-21,-0.00678985598719778,-0.0046835850082514
2019-11-22,-0.023795780714167124,-0.0102357736859996
2019-11-25,-0.0017699131097812203,0.0073031560851403
2019-11-26,0.0035000186677126,0.003459525243572
2019-11-27,0.011322060947666522,-0.004127582215759
2019-11-28,-0.00484356992651972,-0.0034427890587137
2019-11-29,-0.021255128460382123,-0.0087453765492367
2019-12-02,-0.00508393881131676,0.0019283137931565
2019-12-03,0.0004280695044394201,0.0039104269209061
2019-12-04,0.0058300329126186,-0.0003298311528152
2019-12-05,0.011833384405700942,0.0076437976161088
2019-12-06,0.01637055086313712,0.0059189943745286
2019-12-09,-0.013405555680311503,-0.0017799805670163
2019-12-10,0.0030432165818566202,0.001264778902874
2019-12-11,-0.0037650645736661405,0.000607448568171
2019-12-12,-0.0057765089786329,-0.0030100987986116
2019-12-13,0.021077549902725624,0.0196462973780492
2019-12-16,-0.005039203041122681,0.0048593757832243
2019-12-17,0.012505357980819221,0.01351313008471
2019-12-18,-0.00791736327902086,-0.00223417286149
2019-12-19,-0.00392189031687114,-0.0013970346927766
2019-12-20,-0.0032038371426916803,-0.0024613408080187
2019-12-23,-0.00477721883029,-0.0125622397595307
2019-12-24,0.0029666939516433807,0.006497461320035
2019-12-25,-0.006857141486780819,-0.0005235582540564
2019-12-26,0.00433883830463306,0.0087615911133987
2019-12-27,0.004447581146606341,-0.0009840930612956
2019-12-30,0.00819161046605412,0.0147096681389225
2019-12-31,0.010191733268149341,0.0036560608379529
2020-01-02,0.006047409746183159,0.0134954683860877
2020-01-03,-0.012352896034307101,-0.0017548093014853
2020-01-06,0.0007144385825894797,-0.0037852372775481
2020-01-07,0.00562037197772032,0.0074624601241536
2020-01-08,-0.01318939486152326,-0.0115830150697203
2020-01-09,0.023648580255520663,0.0125776575369413
2020-01-10,0.0009264624469364396,-0.000285798345996
2020-01-13,0.011831087165092262,0.0097548689973262
2020-01-14,-0.0058464072447464,-0.0033595937187734
2020-01-15,0.004988863393679799,-0.0055429250815104
2020-01-16,-0.00712040943517856,-0.004254573343049
2020-01-17,0.0058954130657922,0.0013993443911415
2020-01-20,0.00422311215786572,0.0074286850640662
2020-01-21,-0.0035341514406100004,-0.0172338707898419
2020-01-22,0.01481738818199506,0.004273469318256
2020-01-23,-0.02597629712313764,-0.0314757240490815
2020-02-03,-0.05391851099982935,-0.0820869713028323
2020-02-04,0.030979994036997964,0.0260330462895413
2020-02-05,0.007256055436298101,0.0112659564046017
2020-02-06,0.00819629851257842,0.0184392237806431
2020-02-07,-0.0104116317950966,2.3077958627396613e-05
2020-02-10,-0.00256170146911104,0.0041300590444531
2020-02-11,0.02403286977095586,0.009264891582025
2020-02-12,0.0043686902100437,0.0080560957518721
2020-02-13,-0.01099207418655912,-0.0061704425829259
2020-02-14,0.0037587350556088205,0.0069983236561812
2020-02-17,0.014619015017638001,0.0222422887571413
2020-02-18,-0.0104269356749808,-0.0048949504800935
2020-02-19,-0.0006764366131711403,-0.0015291993676514
2020-02-20,0.02465056542614834,0.0227804730771987
2020-02-21,-0.00144980445909136,0.0011646764396543
2020-02-24,-0.01045296236647648,-0.0040206131437382
2020-02-25,-0.00649177304413516,-0.0021776289415246
2020-02-26,-0.015154379725953921,-0.0124024539996067
2020-02-27,0.0017121452797357601,0.0029076130758112
2020-02-28,-0.01654853998169152,-0.0360989385308455
2020-03-02,0.0183973229319839,0.0323685015015235
2020-03-03,0.010328610449865862,0.0053155180339746
2020-03-04,-0.0077329345727554614,0.0057735516033525
2020-03-05,0.02383708614286502,0.0220346390756356
2020-03-06,-0.0071504443197784005,-0.0163498041243219
2020-03-09,-0.03820659459910176,-0.0347592160812399
2020-03-10,0.0276472249744046,0.0211892787101501
2020-03-11,-0.01057630571153236,-0.0133891604141927
2020-03-12,-0.0153914572103279,-0.0194307897630052
2020-03-13,-0.015308494685613358,-0.0141726667539244
2020-03-16,-0.045391498206017865,-0.0439442879252167
2020-03-17,-0.01289428732309184,-0.0048833579173501
2020-03-18,-0.01583142183445224,-0.0199899386206026
2020-03-19,-0.02212058803519432,-0.0130569924353613
2020-03-20,0.026658961655194442,0.0177102819986887
2020-03-23,-0.024672150696680422,-0.0342232846865072
2020-03-24,0.03440574908379646,0.0264989468875761
2020-03-25,0.0369698786753584,0.0265162256211425
2020-03-26,-0.004907965605575141,-0.0065952045993783
2020-03-27,0.0040835655186866,0.003242395299715
2020-03-30,0.006872457887290701,-0.0097371225308107
2020-03-31,0.00500729139868302,0.0032743393288473
2020-04-01,-0.0038317451727855807,-0.0030103646579972
2020-04-02,0.028572375353121723,0.0160470728512797
2020-04-03,-0.0024457504821606404,-0.0057225492676835
2020-04-07,0.013663973195874141,0.0225804535867213
2020-04-08,-0.0020938391060961402,-0.0046659256292191
2020-04-09,-0.0021303094198233006,0.0032932165004115
2020-04-10,-0.00988844488413648,-0.0062496980062364
2020-04-13,-0.0028496456339354597,-0.0042326755063369
2020-04-14,0.024239048938937642,0.0191166614065086
2020-04-15,-0.00487542132001844,-0.0074353686220305
2020-04-16,-2.5330287633020036e-05,0.0013210980191736
2020-04-17,0.01113379943616846,0.0097123588113379
2020-04-20,0.0012117486766423003,0.0036319007288941
2020-04-21,-0.0174552163724144,-0.0118541989131499
2020-04-22,0.014137290642886461,0.0081936481354836
2020-04-23,-0.00453135606427268,-0.0025113683198338
2020-04-24,-0.0049490854207933,-0.0085961466666695
2020-04-27,0.01657112093255092,0.0067719104841592
2020-04-28,0.01779192680898486,0.0068770539754357
2020-04-29,0.00457215647996578,0.0046344258433742
2020-04-30,0.00542950013009098,0.0117102323946057
2020-05-06,0.009548412383666601,0.0060314904915235
2020-05-07,-0.0015009597175873403,-0.0028901680691537
2020-05-08,0.0062713860991108405,0.0098194237437854
2020-05-11,-0.00822069546497916,-0.0008682703289119
2020-05-12,0.00815995049964678,1.5150711705015675e-05
2020-05-13,0.0075165980075144,0.0020205619796916
2020-05-14,-0.00425266550700684,-0.0109027908512241
2020-05-15,-0.00847871216179396,-0.0031640589598869
2020-05-18,-0.00241090079604454,0.0025753836788432
2020-05-19,0.013496697417040173,0.0084628815724033
2020-05-20,-0.0009395291499542403,-0.0053298180904636
2020-05-21,0.00397960426782228,-0.0054605748367585
2020-05-22,-0.027616569613614382,-0.0231935285404958
2020-05-25,0.004668601161549459,0.0013745562949152
2020-05-26,0.01074096774328726,0.0112827715423957
2020-05-27,-0.010659293428272902,-0.0070377753112554
2020-05-28,0.0011168248995354,0.0028615071770075
2020-05-29,0.0013835327521138406,0.0026904394340248
2020-06-01,0.03236109393829998,0.0266193846545886
2020-06-02,0.0018883455807118998,0.0030748329360882
2020-06-03,0.00932672920813426,2.00822871723135e-05
2020-06-04,-0.0006789056043684199,-0.0003665652376519
2020-06-05,0.011797464346021542,0.0047748930820191
2020-06-08,-0.00593890536845692,0.0051600473451945
2020-06-09,0.011176014862574002,0.0062164191175662
2020-06-10,0.013375769666758863,-0.0018103715463193
2020-06-11,-0.009324511391801661,-0.0109090769130103
2020-06-12,0.00328418619207528,0.0018002345166137
2020-06-15,-0.020320730448055338,-0.0120859920505661
2020-06-16,0.01975606451755216,0.0149521705107985
2020-06-17,0.009100242897348681,0.0007519770876849
2020-06-18,0.01259862943193632,0.0066460427436951
2020-06-19,0.011247457086358381,0.0133440269426199
2020-06-22,0.00457127447698138,0.0008145586957002
2020-06-23,0.01269885281594352,0.004800686275906
2020-06-24,0.00014737309249116017,0.004164261693335
2020-06-29,-0.00885704070229578,-0.007096897054409
2020-06-30,0.013608328656897841,0.0131116448919033
2020-07-01,0.011155028234045322,0.0199299489626759
2020-07-02,0.01034484769002346,0.0205188695661817
2020-07-03,0.01133065363631206,0.0191338311693769
2020-07-06,0.04233453949430948,0.0551291491868294
2020-07-07,0.029471010564249424,0.0059862137596743
2020-07-08,-0.00038408369890166014,0.0160199707132516
2020-07-09,0.00612766267964172,0.0138892710673763
2020-07-10,-0.008675108451783322,-0.0182704505795338
2020-07-13,0.022843670470238643,0.0207854796602946
2020-07-14,-0.0130924595381484,-0.0095801305189326
2020-07-15,-0.00499831807718298,-0.0130289682451281
2020-07-16,-0.04747507766883896,-0.0492977258210018
2020-07-17,0.013588465965285762,0.0062797153705375
2020-07-20,0.011522112241452801,0.0294004915889258
2020-07-21,0.00779554781794476,0.0022920958373218
2020-07-22,0.00254626641525372,0.0049779540123227
2020-07-23,-0.00564553078019626,-0.0004264396912364
2020-07-24,-0.04122706722191556,-0.0448869725187433
2020-07-27,0.0015803398819213999,0.0050608695094556
2020-07-28,0.01787388811211218,0.0087526708339282
2020-07-29,0.01175565489657022,0.0239541606683756
2020-07-30,-0.00866638527198892,-0.0048976226855588
2020-07-31,0.005756786972917821,0.0083198358257405
2020-08-03,0.0014384300811428803,0.016112138088384
2020-08-04,0.0038182383449175392,0.0009405988474071
2020-08-05,-0.0058986195645451605,0.0002742619805296
2020-08-06,-0.0076553184167786,-0.0030084290085842
2020-08-07,-0.0124457811909504,-0.0115790111602841
2020-08-10,-0.0025433143579831614,0.0035917263614619
2020-08-11,0.0040678450940275805,-0.0091616678414379
2020-08-12,0.0006595912009750002,-0.0073188156160758
2020-08-13,-0.00763779357750966,-0.0025701942870545
2020-08-14,0.0142554802476709,0.0147577606049952
2020-08-17,0.014200407614250222,0.0232366813027009
2020-08-18,0.00223767554312538,-0.0005130873742467
2020-08-19,-0.015569465223886182,-0.0150901387953709
2020-08-20,-0.005688243319855459,-0.0130641158308996
2020-08-21,0.011222865733376101,0.0084465371786877
2020-08-24,0.016930046929449744,0.0078124325416773
2020-08-25,0.00203114405722722,0.0012818089968709
2020-08-26,-0.006766282238641201,-0.0117913339865248
2020-08-27,-0.0014185358355474,0.0053446598106477
2020-08-28,0.017231972897189883,0.0235859891524447
2020-08-31,-0.00211167321236886,-0.0058071751698166
2020-09-01,0.005615147967667201,0.0053632533299343
2020-09-02,-0.0005319168711020003,0.000365475571407
2020-09-03,-0.00571905578048392,-0.0055460296860247
2020-09-04,-0.007976618499288182,-0.0097796618116384
2020-09-07,-0.02016823694200516,-0.0213682664897389
2020-09-08,0.008770985945460441,0.0053440198263399
2020-09-09,-0.012865990510107702,-0.0236674990848874
2020-09-10,0.00909061840406708,-0.000569460566064
2020-09-11,0.0115349479929577,0.0098380033504821
2020-09-14,0.004581018375039421,0.0051237780943331
2020-09-15,-0.0012234682984392199,0.0080154355513673
2020-09-16,-0.009436857163153602,-0.0066596721145332
2020-09-17,-0.017413380184628784,-0.0053067539531283
2020-09-18,0.02497233095439574,0.0222810130836726
2020-09-21,-0.00918164378338846,-0.0096855830922497
2020-09-22,0.0001791508050808396,-0.0119372846642882
2020-09-23,-0.0012030020661613003,0.0035680140005111
2020-09-24,-0.013925493517102162,-0.0193725267596216
2020-09-25,0.0036038408865002604,0.0015219386519837
2020-09-28,0.011395217304225899,0.0025983604965482
2020-09-29,-0.0030218747050003393,0.002156162301093
2020-09-30,0.0007377909825961399,-0.0009586892838152
2020-10-09,0.02392164497178618,0.0202282552320023
2020-10-12,0.020335916061493844,0.0298876448993938
2020-10-13,-0.0028469045681264603,0.003320102901193
2020-10-14,-0.0075591008931504,-0.0066554261194915
2020-10-15,0.004739263736626261,-0.001740608236386
2020-10-16,-0.0009022098913078994,-0.0014723028345609
2020-10-19,-0.004841326123804421,-0.0075813405103406
2020-10-20,0.00504381018354922,0.0079548349305236
2020-10-21,-0.0052599451294213,-0.0001335238832398
2020-10-22,0.0029759450690548003,-0.0031031881140356
2020-10-23,-0.01008599845311048,-0.012529029883611
2020-10-26,-0.00646794008689348,-0.0057918933226344
2020-10-27,-0.0014109564652486607,0.0017123656548457
2020-10-28,0.013048539621706219,0.0080517149257116
2020-10-29,-0.0031627191641833605,0.0074972565189516
2020-10-30,-0.01868761166873838,-0.0163898792061908
2020-11-02,0.0094134872640792,0.0054162338656303
2020-11-03,0.0109290638664814,0.0119453243273916
2020-11-04,0.013462226876394541,0.0075277536065875
2020-11-05,0.006843083567242801,0.0147340936234786
2020-11-06,-0.0027688497077573595,0.0001248614500084
2020-11-09,0.010474780439284901,0.0193842740339855
2020-11-10,-0.005589902342891381,-0.0055298307136232
2020-11-11,-0.00689268271429364,-0.0099364024739034
2020-11-12,-0.00253622016866086,0.0007255415385083
2020-11-13,-0.0156670550490697,-0.0105701673627351
2020-11-16,-0.004280249702448341,0.0096957839867543
2020-11-17,0.00419006523919848,-0.0019144894692945
2020-11-18,-0.00030669608522904,-0.000637615666074
2020-11-19,0.0023893075495297,0.007397438531557
2020-11-20,0.0010806962672700998,0.0030999044200939
2020-11-23,0.00968529058292246,0.0124123053267393
2020-11-24,-0.00519763070321022,-0.0061607598970471
2020-11-25,-0.00759936060927692,-0.0128661490218851
2020-11-26,0.0031736069050096205,0.0018086958621867
2020-11-27,0.0148520553366719,0.0123593038597846
2020-11-30,-0.01055925899430446,-0.0041283548658103
2020-12-01,0.01872553805135758,0.021312519150301
2020-12-02,-0.0003040279881835799,7.894030534163135e-06
2020-12-03,-0.0016396452846245799,-0.0019912691038754
2020-12-04,0.00710016678547248,0.0017504731338733
2020-12-07,-0.0067924280222372005,-0.0086597105845658
2020-12-08,0.00234913658263038,-0.0024640866046007
2020-12-09,-0.00198972940015796,-0.0135002221186316
2020-12-10,-0.00401851720946562,-0.0004411517775288
2020-12-11,-0.010566032044399402,-0.0103539528155566
2020-12-14,-0.002146091660438659,0.0092036148782356
2020-12-15,0.01675838689366426,0.0020769364364931
2020-12-16,0.00959203725461848,0.001771901984661
2020-12-17,0.02151769693105178,0.0127587263298008
2020-12-18,-0.002397343813145202,-0.0034959032154822
2020-12-21,0.0066908177597247405,0.009330392438317
2020-12-22,-0.01149501456669768,-0.0163953327001727
2020-12-23,0.00931107091435926,0.0084939273533465
2020-12-24,0.00643943781126996,-0.0014189870814907
2020-12-25,0.01757047811317636,0.0083628996776053
2020-12-28,-0.0042223530619418005,0.0044328331258756
2020-12-29,-0.01002871458887292,-0.0042483998857234
2020-12-30,0.01747630082099456,0.0139359228386222
2020-12-31,0.00786188791218058,0.0189022577025386
2021-01-04,-0.011298186356444999,0.010770205482459
2021-01-05,0.010976274544000584,0.0189509085245754
2021-01-06,0.01231588821289544,0.0091172938317135
2021-01-07,0.025163548431253402,0.0175628157507363
2021-01-08,0.002582150831767941,-0.0033118117232875
2021-01-11,0.0038661216258189385,-0.0099245643206606
2021-01-12,0.014186826045217382,0.028122326091611
2021-01-13,0.006060483258205041,-0.0032896886031135
2021-01-14,-0.016976939173934218,-0.0194622029569686
2021-01-15,-0.005351296545428301,-0.0022656283996982
2021-01-18,0.0002945642361927395,0.0110126288350845
2021-01-19,-0.01954865093411504,-0.0147866338285122
2021-01-20,0.00667177961087436,0.0071303542447763
2021-01-21,0.01649318416946942,0.0160381650636639
2021-01-22,0.0024706837408477803,0.0008639619747535
2021-01-25,-0.0025439436384237994,0.010028934420136
2021-01-26,-0.02391969355919966,-0.0202809923628411
2021-01-27,0.0007531062649170192,0.0027225885559221
2021-01-28,-0.02059716949015244,-0.0276694521532723
2021-01-29,0.007208426390339662,-0.0046937853556528
2021-02-01,-0.0010409325830025998,0.0121992931366191
2021-02-02,0.00982564714853984,0.015284112328122
2021-02-03,-0.003323443886137641,-0.0028926982776228
2021-02-04,-0.0021324923560158,-0.0020530796552086
2021-02-05,0.011798932248172222,0.0017266937200918
2021-02-08,-0.0018508271790673603,0.0146907458047151
2021-02-09,0.02463893464503486,0.0216330638889165
2021-02-10,0.018198906425303262,0.0211370870919182
2021-02-18,-0.019710023495513283,-0.0067967884601658
2021-02-19,0.0016070349738019395,0.0018116919675919
2021-02-22,-0.026796673845788866,-0.0319132721730531
2021-02-23,0.0031448010502940597,-0.0031600634689205
2021-02-24,-0.02391231074149582,-0.0257973649642901
2021-02-25,0.0017139688528458998,0.0058659045465067
2021-02-26,-0.01938400683564512,-0.0245794471847507
2021-03-01,0.0028370431673276795,0.015251970606656
2021-03-02,-0.009259815636881701,-0.0128432982257443
2021-03-03,0.02724672638507492,0.018993631429718
2021-03-04,-0.0260426994056334,-0.0319604726926425
2021-03-05,0.005218811951973541,-0.0033973538653544
2021-03-08,-0.03894651867404876,-0.0353480059190315
2021-03-09,-0.0149728956275832,-0.021694171477979
2021-03-10,0.0036429704024543807,0.0065386248049525
2021-03-11,0.01350600377723912,0.0245989684966972
2021-03-12,-0.00448921569010296,0.003534934481196
2021-03-15,-0.020485391485167623,-0.0217727852204324
2021-03-16,0.006702335981623061,0.0086644997267906
2021-03-17,-0.00206819238696764,0.0042238835635104
2021-03-18,0.00748441699624882,0.0079882252008776
2021-03-19,-0.032827861749761,-0.0265424701446345
2021-03-22,0.002215335388227181,0.0099481754913034
2021-03-23,-0.010743407133081782,-0.0095168802210784
2021-03-24,-0.021613196297286984,-0.0162129706280912
2021-03-25,0.0008285345355740598,-0.0004748839261889
2021-03-26,0.02711123870573006,0.0224088442763618
2021-03-29,0.0031536988100589803,0.0017630375607685
2021-03-30,0.014643297698739021,0.0094364415654141
2021-03-31,-0.011595883031649361,-0.0091432340714659
2021-04-01,0.012774632570361419,0.0122885963771796
2021-04-02,0.010948999141939182,0.0098868249380009
2021-04-06,-0.01231703329544932,-0.0041196342443743
2021-04-07,-0.011827820383614001,-0.0071456208332137
2021-04-08,0.0024682315311262805,0.0016581917375789
2021-04-09,-0.01194571530675344,-0.0151507448441902
2021-04-12,-0.007541231787149461,-0.0175481234105448
2021-04-13,0.00578075242904944,-0.0016404737385237
2021-04-14,-0.0061898117733335594,0.0082639350090166
2021-04-15,-0.014290637471631342,-0.0063769149387425
2021-04-16,0.00020458764733149976,0.0034714587844211
2021-04-19,0.03276519237961391,0.0240412645181033
2021-04-20,-0.009892851761494702,-0.000717769949177
2021-04-21,0.012510477298620022,0.0030190229086411
2021-04-22,0.0024028081084207396,-0.0018649433456734
2021-04-23,0.006934324669370781,0.0090389663889808
2021-04-26,-0.01838334400266112,-0.011399666566998
2021-04-27,0.015333556023480483,0.0026121795855371
2021-04-28,-0.01016022703048252,0.0056260040889421
2021-04-29,0.0007430994226597597,0.0087384021259434
2021-04-30,-0.0010360851247041996,-0.007908545194461
2021-05-06,-0.005747978256107161,-0.0122480447850117
2021-05-07,-0.016738845853954742,-0.0129402024602943
2021-05-10,0.0023230279026659607,-0.0007268380762637
2021-05-11,0.013156907521125222,0.0061185476059305
2021-05-12,-0.0019506138173830802,0.0042691428529646
2021-05-13,-0.014931992910067741,-0.0102775295136428
2021-05-14,0.01633866383227668,0.0232839343445717
2021-05-17,0.01953745739242724,0.0144530556061051
2021-05-18,0.00365518984191858,0.0005032494401271
2021-05-19,-0.001979854871564801,-0.0029594987560947
2021-05-20,-0.003303588628235,0.0027300792731331
2021-05-21,-0.016795521222747977,-0.0101274439895397
2021-05-24,0.01699931306850792,0.0041672639012069
2021-05-25,0.045946234976627205,0.031105985335581
2021-05-26,0.00238773503162368,0.0003966512162557
2021-05-27,0.0053525491070692995,0.0033099378927234
2021-05-28,-0.0039527958712252806,-0.0032159677676364
2021-05-31,-0.00218631837810692,0.0019675843180974
2021-06-01,0.00366733068589038,0.0018944563321768
2021-06-02,-0.012123581726000901,-0.0097276354587301
2021-06-03,-0.005498563584485803,-0.0065773864327908
2021-06-04,0.0047293288178827395,0.0051226343495165
2021-06-07,0.0050667702559703005,-0.0008806893809795
2021-06-08,-0.003026883994084419,-0.0086605836406757
2021-06-09,0.00802813575272966,0.0008272381513284
2021-06-10,0.008203450089726982,0.0066654732158549
2021-06-11,-0.011379230271667101,-0.0089118811043215
2021-06-15,-0.0043757625350429406,-0.0111902900518683
2021-06-16,-0.01231209219191858,-0.0167993762510304
2021-06-17,0.0058098185212581204,0.0042033456830582
2021-06-18,-0.007417035272835661,0.0001136768990167
2021-06-21,-0.0006980176645036594,-0.0023702877613777
2021-06-22,0.00655529412381006,0.0062217766348255
2021-06-23,0.00938772145031912,0.0049135650074038
2021-06-24,0.0030199738069459597,0.0016654765015053
2021-06-25,0.01595935078977904,0.016160506529634
2021-06-28,-0.006102427078455,0.0022474853933134
2021-06-29,-0.0083303998783408,-0.0117255205108986
2021-06-30,-0.00574480699552186,0.0064333109045192
2021-07-01,0.013869984806894083,0.0010752174907326
2021-07-02,-0.037152883610823056,-0.0288145566725305
2021-07-05,-0.00047089064636385996,0.0009186666014426
2021-07-06,-0.00061106668245342,-0.0005290646398468
2021-07-07,-0.0004592156254885401,0.0112270939702329
2021-07-08,-0.010852147463043063,-0.0102124803015279
2021-07-09,-0.0006068953707262199,-0.0037055675074361
2021-07-12,-0.00288315714660678,0.0124034269532764
2021-07-13,-0.008593950684800079,0.00182777153332
2021-07-14,-0.010439726000468061,-0.0115441792624402
2021-07-15,0.00737356196896226,0.013362792566241
2021-07-16,-0.008460131262335,-0.0110656462847451
2021-07-19,0.0114869160929163,0.0036676222949379
2021-07-20,0.00496013743551814,-0.0008804126377693
2021-07-21,-0.009599261108426441,0.0068370299383079
2021-07-22,-0.009205417189660881,0.001497699825112
2021-07-23,-0.0078794529841942,-0.0122099206748063
2021-07-26,-0.032234164392992065,-0.0327413556306857
2021-07-27,-0.03937937862528846,-0.0359648169771636
2021-07-28,0.01013982302432532,0.0019281339981101
2021-07-29,-0.0001064176796169199,0.0186858700075438
2021-07-30,-0.021852250228946924,-0.0080940757208902
2021-08-02,0.02433243246721576,0.025157023354954
2021-08-03,0.01080865813172062,0.0001459232689402
2021-08-04,0.0040196431991864415,0.0089556962688345
2021-08-05,-0.005569652071401041,-0.0060800870656723
2021-08-06,-0.006779165236678961,-0.0054933001912544
2021-08-09,0.02312807259706444,0.0129201806976313
2021-08-10,0.017342565190173284,0.011485152736614
2021-08-11,-0.004346733367667541,-0.0055296711261371
2021-08-12,-0.009720196992106179,-0.0084075584176578
2021-08-13,-0.0078556522875699,-0.0055185318889294
2021-08-16,-0.00517760434391742,-0.0009932184834982
2021-08-17,-0.02315483261129384,-0.0212045206282871
2021-08-18,0.0122141919283712,0.0116816171508424
2021-08-19,-0.01333146558498862,-0.0065803332444036
2021-08-20,-0.0307529338554081,-0.0192854168578735
2021-08-23,0.00834254319144808,0.01386986519272
2021-08-24,0.006917017653125059,0.01079988737161
2021-08-25,-0.00352340552538532,0.0019966184703828
2021-08-26,-0.021953126606176262,-0.0199083460499705
2021-08-27,0.009462868409144601,0.0052821650236342
2021-08-30,-0.0172754712903261,-0.0028567565492836
2021-08-31,-0.007352712340534619,-0.0015927013580082
2021-09-01,0.0198290476264776,0.0131990625323903
2021-09-02,0.00245059044601422,-1.0268131723809664e-05
2021-09-03,0.005826357482538301,-0.0054260274985039
2021-09-06,0.017837595318320222,0.0185485419156013
2021-09-07,0.00726958625728124,0.0119075889970802
2021-09-08,0.0018216549197785804,-0.0041545635454991
2021-09-09,0.00541010173119508,-0.0004264675476569
2021-09-10,0.0052066084716613,0.0087164110240198
2021-09-13,-0.0018830577245080387,-0.0043697434297215
2021-09-14,-0.01363611074886516,-0.015037391706095
2021-09-15,-0.01872526825479154,-0.0101876504558925
2021-09-16,0.0075766854246168405,-0.0123246783317193
2021-09-17,-0.001040369007228101,0.0099838985528888
2021-09-22,0.00014074148987936182,-0.0070616172616382
2021-09-23,0.01025389518449612,0.0064972006247911
2021-09-24,0.006793875653503659,-0.0007771089260797
2021-09-27,0.029048163857080162,0.0057449678919682
2021-09-28,-0.00080709667772378,0.0013236079463849
2021-09-29,-0.0022007606058056807,-0.0102699466926846
2021-09-30,0.0011277479372350393,0.006690532786507
2021-10-08,0.02119193113564622,0.0129764833934664
2021-10-11,0.01294769992535146,0.0012669609737629
2021-10-12,-0.005606652048425221,-0.0106619828898298
2021-10-13,-0.0030908338963555005,0.0114558024793216
2021-10-14,-0.015617553656924322,-0.0053786922883505
2021-10-15,0.006774682284042581,0.0037579825085577
2021-10-18,-0.01944019695678028,-0.0116919131522311
2021-10-19,0.01822643438552516,0.009786248043509
2021-10-20,0.0013718858259645999,-0.0025506222576104
2021-10-21,0.0077192491771626405,0.0036266836522689
2021-10-22,0.0056109202149819,0.0064140191067585
2021-10-25,0.0014958035610616596,0.0039821970777076
2021-10-26,-0.0007221963029729591,-0.0033029553433297
2021-10-27,-0.0194142375188621,-0.0131709211147906
2021-10-28,-0.00246276446560458,-0.0069696972465043
2021-10-29,-0.00161117368625194,0.0091334741144144
2021-11-01,0.0073178294415264,-0.0036900034318132
2021-11-02,-0.014287924168478641,-0.010449669314235
2021-11-03,-0.0005994514276550799,-0.0038795365065859
2021-11-04,0.01974827614984012,0.0098309847133725
2021-11-05,-0.0005363484370039004,-0.0054350366359537
2021-11-08,-0.01007275906559596,0.0012032367070488
2021-11-09,-0.0092287661104956,-0.0002970627938322
2021-11-10,0.005584523691997902,-0.0052855284393037
2021-11-11,0.009109083493453561,0.0159388713950955
2021-11-12,-0.0004127645789643999,-0.0021007423670476
2021-11-15,0.00962580058022576,-0.0012261086918441
2021-11-16,0.01136516913661914,0.0001925105221137
2021-11-17,-0.00664625651065102,0.0004974885122366
2021-11-18,-0.01702037378211376,-0.0098999406782672
2021-11-19,0.01986795675920308,0.0107817091003742
2021-11-22,-0.00079917570045134,0.0045580474039358
2021-11-23,0.0025214348258832593,0.0001933694634935
2021-11-24,0.00841512421454944,0.000673447967011
2021-11-25,0.0028362216596826803,-0.0041210277315276
2021-11-26,-0.0198804514055683,-0.0074432239272202
2021-11-29,-0.0025304555776244205,-0.0017937409240283
2021-11-30,-0.012453187022105402,-0.0040047763793082
2021-12-01,0.00739341694029794,0.00244318984519
2021-12-02,-0.004942245431141281,0.0025381430758507
2021-12-03,0.016406111046291482,0.0091953445753679
2021-12-06,0.0041255985880065404,-0.001715399393855
2021-12-07,0.011649501630232421,0.0060073213817436
2021-12-08,0.01976011107517478,0.0148883122493968
2021-12-09,0.01871440746062762,0.016429773363215
2021-12-10,-0.0008107085171483403,-0.0046517632563454
2021-12-13,0.00431868238761764,0.0056574223872606
2021-12-14,-0.0060208377506956404,-0.0067301778682647
2021-12-15,-0.00925349625471546,-0.0087116188007782
2021-12-16,0.0135908375909572,0.0057426833237737
2021-12-17,-0.017436499285393682,-0.0160111694194826
2021-12-20,-0.00685289442095884,-0.015117448950187
2021-12-21,0.005998725684242681,0.0067532018737584
2021-12-22,0.006471488840293682,0.000195361388664
2021-12-23,0.0143975927932784,0.0069531537260408
2021-12-24,0.00912794395732462,-0.0055521475786983
2021-12-27,-0.007779599651667341,-0.0004105415751325
2021-12-28,-0.00431360351586488,0.0074205831392754
2021-12-29,-0.019899923345353784,-0.014732812235661
2021-12-30,0.00892045202900352,0.0077573135122639
2021-12-31,0.00722802827052196,0.0038248331945742
2022-01-04,0.00585567827456406,-0.004585051458537
2022-01-05,-0.01095337254292522,-0.0101473501198819
2022-01-06,-0.0170894493761552,-0.0103011848983116
2022-01-07,0.00295634345144928,0.0008588677581253
2022-01-10,0.0137028269929591,0.0044856392235915
2022-01-11,-0.011987658676646341,-0.0095999210572295
2022-01-12,0.0030117824903394203,0.0099157225920075
2022-01-13,-0.025421221490319022,-0.0165763562489895
2022-01-14,-0.008911467419110822,-0.0082569614714151
2022-01-17,0.0023100221143929596,0.0085422801491363
2022-01-18,0.01333615518453134,0.0096173957454759
2022-01-19,0.0013527583925284407,-0.0068732661429306
2022-01-20,0.019610775476684425,0.0089818375581719
2022-01-21,-0.0069574575543587995,-0.0092056941904411
2022-01-24,-0.0013929041092714592,0.001553410549621
2022-01-25,-0.0136514828916784,-0.0228827366782168
2022-01-26,-0.004747548506584141,0.007211375168279
2022-01-27,-0.010034360841880962,-0.0198095029285947
2022-01-28,-0.01745958526099742,-0.0122196943912385
2022-02-07,0.011122323243782562,0.0152908111484296
2022-02-08,-0.005689373895522919,-0.005478837359265
2022-02-09,0.006783302831432559,0.0093491221233929
2022-02-10,0.0013852923734279398,-0.0026259388824873
2022-02-11,-0.01011680350653596,-0.0083235883524428
2022-02-14,-0.00839596654408362,-0.0108620124449598
2022-02-15,0.018191741728913042,0.010579449817421
2022-02-16,-0.005215198532162161,0.0038815031011821
2022-02-17,0.0026291759375960005,0.0024158806622125
2022-02-18,0.00486398745222108,0.0047584245641085
2022-02-21,-0.00399709552238772,-0.0036465300946314
2022-02-22,-0.018120130230525743,-0.0130664315058432
2022-02-23,0.00548996425065526,0.0106337713191588
2022-02-24,-0.01729985140007386,-0.0204828425834032
2022-02-25,0.0033275005443412797,0.0096894660354133
2022-02-28,0.0031154278951846,0.0017979113686613
2022-03-01,0.01554464735968822,0.0082684080192197
2022-03-02,-0.015014715736626062,-0.0089343287337656
2022-03-03,-0.01188463164427748,-0.0059078639736622
2022-03-04,-0.01024982623539826,-0.0122016619803259
2022-03-07,-0.038524783567246146,-0.032469027152108
2022-03-08,-0.0062260482220758,-0.0202811027028094
2022-03-09,0.00323626863359086,-0.0091948823340046
2022-03-10,0.00026013084579201994,0.0156097821749089
2022-03-11,-0.0017309683485671214,0.0031816348053785
2022-03-14,-0.02987961668734456,-0.0310732817583315
2022-03-15,-0.04346414978808818,-0.0468182237984921
2022-03-16,0.030713166820611204,0.042333674507809
2022-03-17,0.017428193692127458,0.019448346903045
2022-03-18,0.01003712720012556,0.0066325093788157
2022-03-21,-0.0001228129251589404,-0.0016774886186894
2022-03-22,0.0027822095142772604,-0.0008104251651861
2022-03-23,0.0092718349114971,0.0049743299215287
2022-03-24,-0.0032479795491884207,-0.0059124240136773
2022-03-25,-0.01719224749493742,-0.0182158117491091
2022-03-28,-0.0015935640029834189,-0.0062717674200083
2022-03-29,-0.00783416617358706,-0.0034602653748698
2022-03-30,0.02532121716737554,0.0286038975972957
2022-03-31,-0.0032404163588167596,-0.0074321717171669
2022-04-01,0.00390147410899198,0.0126043585387134
2022-04-06,-0.0118580609664478,-0.0028852479031954
2022-04-07,-0.00528992367155732,-0.0129213145886642
2022-04-08,-0.0059508409858246205,0.0051351614704003
2022-04-11,-0.02539820618280026,-0.0313799628538507
2022-04-12,0.01668246448035754,0.0193000227421682
2022-04-13,-0.00124767905495018,-0.0096710855446852
2022-04-14,0.0098577758789749,0.0124423814888189
2022-04-15,0.00330657656670908,-0.0006730053521678
2022-04-18,-0.014873955622088882,-0.0053548067960659
2022-04-19,-0.013235576860647141,-0.0075844088869514
2022-04-20,-0.004482660799143179,-0.0156260605733465
2022-04-21,-0.00595230190039528,-0.0185857664742142
2022-04-22,0.00418010912645282,0.0043500695385816
2022-04-25,-0.06320691162357564,-0.0506843135070517
2022-04-26,-0.01938907099872714,-0.00810371020996
2022-04-27,0.022069423615947402,0.0290189458339294
2022-04-28,0.035527663584894724,0.0065424679902222
2022-04-29,0.01543413688786078,0.023971364575462
2022-05-05,-0.00807642567200828,-0.0015025325354162
2022-05-06,-0.019095274888280243,-0.0256080708564788
2022-05-09,-0.02025333144165048,-0.0080603961070726
2022-05-10,0.005025522895763701,0.010883347926131
2022-05-11,0.01824580638938444,0.0143234270311354
2022-05-12,-0.00738084060570164,-0.0044561242006547
2022-05-13,0.013087824741779962,0.0075144993193515
2022-05-16,-0.0092453747538226,-0.0080703861753193
2022-05-17,0.01571195406391468,0.0123958720931792
2022-05-18,-0.00390542780425646,-0.0034959649499512
2022-05-19,-0.0040282787930867,0.0019245430146645
2022-05-20,0.029704026345099322,0.0193142239241376
2022-05-23,-0.0085165945590599,-0.0058094654251678
2022-05-24,-0.02319157066610774,-0.0236697588566337
2022-05-25,0.00524860350141526,0.0060511394827648
2022-05-26,0.0074526564788381,0.0024723503169295
2022-05-27,0.01713001491555212,0.0020664627572427
2022-05-30,-0.00077524906853292,0.0069038618889797
2022-05-31,0.02654860589147068,0.0153933689483599
2022-06-01,-0.01065116413117478,-0.0020404425590094
2022-06-02,-0.00281745735659248,0.0015637334562056
2022-06-06,0.021609636839814643,0.0185381160086155
2022-06-07,0.00277385175991976,0.0031251448405102
2022-06-08,0.019169582194547438,0.0096870124351489
2022-06-09,-0.015889789589977738,-0.01051527886829
2022-06-10,0.01109466394647386,0.0150502088514214
2022-06-13,-0.0222676853316959,-0.0117794426857417
2022-06-14,0.007947052584062721,0.0078367810127218
2022-06-15,0.00851019479617266,0.0131546635901484
2022-06-16,-0.006350217714541481,-0.0066039347541696
2022-06-17,0.01202987824032384,0.0137820410031475
2022-06-20,-0.0081810923054178,0.0049517027562437
2022-06-21,0.0051193023845547804,-0.0011229206355558
2022-06-22,-0.020081162505674,-0.0127849078441652
2022-06-23,0.010334707837729601,0.0170089421772824
2022-06-24,0.00961016959984862,0.0116472396314026
2022-06-27,0.02467373680172266,0.0111981783444817
2022-06-28,0.011809822555906641,0.0103551320493913
2022-06-29,-0.010090314388901641,-0.0155211668962306
2022-06-30,0.024628837083055365,0.0142933840929485
2022-07-01,0.005770532271451001,-0.0040863666466986
2022-07-04,0.0007524386595697012,0.0065404266510141
2022-07-05,-0.006333389260410881,-0.0014445385498197
2022-07-06,-0.02360091465435938,-0.0147127636136218
2022-07-07,0.00785583332110386,0.0043981197353706
2022-07-08,0.014637222819143482,-0.0033114516439138
2022-07-11,-0.0211878041049571,-0.0168868006251252
2022-07-12,-0.006352317645676041,-0.009459891686319
2022-07-13,-0.010503467562313802,0.0018158493387997
2022-07-14,0.002323488371466719,0.0001411460366337
2022-07-15,-0.004516458049343841,-0.017161413406711
2022-07-18,0.0076726654760132405,0.0103172396199694
2022-07-19,-0.00434755827821122,-0.0054310318231236
2022-07-20,-0.0010133660780000796,0.0033812176057727
2022-07-21,-0.007081651683519861,-0.0112068742101086
2022-07-22,-0.0006152729808858406,0.0005121373111916
2022-07-25,-0.0028481058889459196,-0.0060561997083938
2022-07-26,-0.0057260226630944395,0.0078831234067854
2022-07-27,-0.0061680782196028,-0.0049439247344371
2022-07-28,0.011899963361046382,0.0001490998983913
2022-07-29,-0.00805760063980382,-0.0132378117798109
2022-08-01,0.008850778110304781,0.0044456321617989
2022-08-02,-0.0186503229005618,-0.0196879438031576
2022-08-03,-0.00818125607609166,-0.0097969954138705
2022-08-04,0.0221611014335074,0.0084618036593809
2022-08-05,0.0100603050644741,0.0134094968649262
2022-08-08,0.0044186904310154805,-0.002128843980011
2022-08-09,-0.00358199011347542,0.0019796836082771
2022-08-10,-0.012596688425304462,-0.0112630832693757
2022-08-11,0.031188018660236422,0.0201854798019453
2022-08-12,-0.0019542281907702396,-0.0005700866853108
2022-08-15,-0.0036692662050794005,-0.0013059834752443
2022-08-16,-0.00540339989255394,-0.0018748092421391
2022-08-17,0.011395168196013139,0.0093201227375213
2022-08-18,-0.009193063583365881,-0.0087793196077832
2022-08-19,-0.0013552685159482194,-0.0069690373603559
2022-08-22,0.0011345401436973,0.0072799863552668
2022-08-23,-0.00555298045424252,-0.0048714627268461
2022-08-24,-0.01151117528372214,-0.0190847061289475
2022-08-25,0.022102731554848563,0.0082501754752007
2022-08-26,0.0006144017682761806,-0.0021133816000662
2022-08-29,-0.004738094338894941,-0.0043991399553792
2022-08-30,-0.01153763216200862,-0.0033630108202485
2022-08-31,0.014540748693059023,0.0007480413316662
2022-09-01,-0.014073623170235418,-0.0086426279538412
2022-09-02,0.00483960491987402,-0.0049904967004569
2022-09-05,0.00276670483470466,-0.0020350695662984
2022-09-06,-0.005567598563338801,0.0091352456320358
2022-09-07,-0.01038960551050234,0.0006660696955126
2022-09-08,-0.0005017313249568201,-0.0042754857743535
2022-09-09,0.0162966147601995,0.0138009217476867
2022-09-13,0.0132282946106008,0.0042218736916427
2022-09-14,-0.009966266824189721,-0.011190765073599
2022-09-15,0.00241827294769752,-0.0094508196810486
2022-09-16,-0.02079079181110328,-0.0237303529708706
2022-09-19,0.00133342342527356,-0.0011907368199603
2022-09-20,-0.00761647061514328,0.0012314207162627
2022-09-21,-0.01254973492040992,-0.0074293048853534
2022-09-22,-0.00900505871981628,-0.008848556461146
2022-09-23,-0.0011054491519143007,-0.0034483864051427
2022-09-26,-0.01001616034047092,-0.0050281541582743
2022-09-27,0.01419700502045368,0.0143928332467798
2022-09-28,-0.01007405086081462,-0.0164723107089849
2022-09-29,0.007423661359285259,-0.0004101438826541
2022-09-30,-0.0026995494910301,-0.005830706387769
2022-10-10,-0.03085900109744962,-0.022310757029118
2022-10-11,-0.006863351504673341,0.0018124143225602
2022-10-12,-0.0019137366258098,0.0150748328647373
2022-10-13,-0.008825929961538621,-0.0083959850935466
2022-10-14,0.03800732933802364,0.0236478023525195
2022-10-17,0.009946256081530741,0.0010248567658382
2022-10-18,-0.00853557071213566,-0.0021185014976271
2022-10-19,-0.015195577803255601,-0.0162161456481216
2022-10-20,-0.00372437549769,-0.0057359553717603
2022-10-21,-0.00419274293616606,-0.0032116029322584
2022-10-24,-0.037705780007200006,-0.0296974480399738
2022-10-25,-0.00633170833581876,-0.001630670175494
2022-10-26,0.004008447702159901,0.0080858718915187
2022-10-27,-0.007299134308923361,-0.0070691454149239
2022-10-28,-0.0226785611703376,-0.0250442857598218
2022-10-31,0.010193088104517682,-0.0092567642971064
2022-11-01,0.036992371564568104,0.0351351507837165
2022-11-02,0.01477165168210832,0.0119367170506476
2022-11-03,-0.00705918265114348,-0.0081658067820629
2022-11-04,0.026026327258533342,0.0321723968856409
2022-11-07,0.00578461074885668,0.0021557933007738
2022-11-08,-0.01237161704271124,-0.0069026923892121
2022-11-09,-0.00448965988634458,-0.0093949991648743
2022-11-10,-0.01099466749040516,-0.0077244044847251
2022-11-11,0.020621376847017363,0.0274965711579489
2022-11-14,0.013981469904457798,0.0014718181190023
2022-11-15,0.019230336520298843,0.0187864778172024
2022-11-16,-0.0009027737367476803,-0.0082022599074894
2022-11-17,-0.01251059889635776,-0.0041107851513271
2022-11-18,-0.005389890739388256,-0.0044854364377449
2022-11-21,-0.0051808304667427,-0.0085699337030212
2022-11-22,0.0030983934269219007,0.0001167310014987
2022-11-23,-0.0013850137206637796,0.0010499662907297
2022-11-24,-0.00669074185654086,-0.004440709842156
2022-11-25,0.00741486232309792,0.0050367908261455
2022-11-28,-0.012651356841724663,-0.0113304945536182
2022-11-29,0.03235688893303242,0.0303861851360068
2022-11-30,-0.0021087239080011203,0.0011997726545848
2022-12-01,0.004876330041103699,0.0107721804039773
2022-12-02,-0.0069587995080660795,-0.0061346725619401
2022-12-05,0.00712806530912286,0.0194254384278735
2022-12-06,0.011287257991269,0.0053871979972966
2022-12-07,8.069495561734019e-05,-0.0024625831202904
2022-12-08,-0.010640059240170861,0.000186924859277
2022-12-09,0.0123131188025556,0.0098173311742669
2022-12-12,-0.0009112015783721397,-0.0112681783037565
2022-12-13,-0.0051291568141485005,-0.0019647764551893
2022-12-14,0.0053032598577193,0.0023314784052212
2022-12-15,-0.00382594475343306,-0.0007335384197144
2022-12-16,0.004121333129065899,0.0005666424814729
2022-12-19,-0.0152559307563432,-0.0155493132802826
2022-12-20,-0.017681860418702403,-0.016627682941822
2022-12-21,0.0015535670384371396,0.000396889643779
2022-12-22,0.01422776526765088,0.0014321922159224
2022-12-23,5.692335718452017e-05,-0.0020380344334518
2022-12-26,0.0019500128562847596,0.0039808648047604
2022-12-27,0.006389633075071061,0.0114754975986159
2022-12-28,0.00235898363718662,-0.0042762701601239
2022-12-29,0.0004496177683081196,-0.0037681399044427
2022-12-30,0.0012833631906772802,0.0038637114546731
2023-01-03,0.0016120662829215,0.0041935591056659
2023-01-04,-0.01624181335716374,0.0012980588776511
2023-01-05,0.01766244149933056,0.0192411231153001
2023-01-06,-0.0050475942735342,0.0030970642922343
2023-01-09,0.0087961718252721,0.0080635812655478
2023-01-10,0.0006984757936437403,0.0010833576176727
2023-01-11,0.0015457890598778797,-0.0018536286839693
2023-01-12,-0.0033542760006712606,0.0019531888768996
2023-01-13,0.014696500541501461,0.013966676413846
2023-01-16,0.026258097649417004,0.0154843248930752
2023-01-17,0.0043666402873963,-0.0001740139215529
2023-01-18,-0.007754041824314621,-0.0016764341607909
2023-01-19,0.0108701264944756,0.0062030147051269
2023-01-20,0.00041249549872113977,0.0061217288787779
2023-01-30,0.01209207609998218,0.0047286939410215
2023-01-31,-0.011752384644659802,-0.0106459206435448
2023-02-01,0.00246351895593974,0.0093550262699713
2023-02-02,-0.00329977610439048,-0.0035286795246535
2023-02-03,-0.005982114105084302,-0.0094968981587463
2023-02-06,-0.013673283417857262,-0.0133075873953676
2023-02-07,-0.00231335442824022,0.0017968226750403
2023-02-08,0.0010574960983253997,-0.0044282032663231
2023-02-09,0.012280365299154602,0.0133351555710642
2023-02-10,-0.00585977911385618,-0.0059608027249179
2023-02-13,0.012644544099493001,0.009032920078334
2023-02-14,0.00157042242638412,0.0004150148572149
2023-02-15,-0.005631250617226541,-0.0052243563605176
2023-02-16,-0.00460962794471852,-0.007350486657103
2023-02-17,-0.012127205227481582,-0.0145130500088669
2023-02-20,0.01757426034523422,0.0242372295251401
2023-02-21,-0.0006684844551953798,0.0026238743997633
2023-02-22,-0.01168732800625356,-0.0090653002863271
2023-02-23,0.0027294683973488006,-0.0008038389831907
2023-02-24,-0.013344616188476181,-0.0104352607138934
2023-02-27,-0.005242422292202281,-0.0042468252785517
2023-02-28,0.0024681632996173403,0.0063155769311245
2023-03-01,0.014318254908295962,0.014025899739836
2023-03-02,-0.005640807675990561,-0.0022317430921561
2023-03-03,-0.00049298044532492,0.0031061008521989
2023-03-06,-0.00950672780762314,-0.0052284464387098
2023-03-07,-0.01110369549049018,-0.0147492334009182
2023-03-08,-0.0082219112861824,-0.0036471827991763
2023-03-09,-0.00170411974147056,-0.0035411188784474
2023-03-10,-0.009223495469702681,-0.0131991564404514
2023-03-13,0.00331929495702076,0.0104190725926174
2023-03-14,-0.00601869143498682,-0.0060024775544307
2023-03-15,0.0026559282373503404,0.0005519594700824
2023-03-16,-0.01256442453818714,-0.0120490225748817
2023-03-17,-0.0027207542568241402,0.0049810370687416
2023-03-20,-0.0011238158911135404,-0.0049988075577988
2023-03-21,0.012091704073906542,0.0109324370155427
2023-03-22,0.01186625505118356,0.0042747207976239
2023-03-23,0.00886158153142182,0.0098650677572965
2023-03-24,0.0033328517627848196,-0.0029853210933228
2023-03-27,-0.002635448218211299,-0.0036245939629136
2023-03-28,-0.008255712931161441,-0.003237650403883
2023-03-29,0.0025697875725343997,0.0016563305954532
2023-03-30,0.006987394638287441,0.0080525801616975
2023-03-31,8.44917192414999e-05,0.0030657200139255
2023-04-03,-0.00208091498428578,0.0097378402603572
2023-04-04,0.006229325318799241,0.0030608981045645
2023-04-06,-0.0037283189452576803,-0.0015780972207043
2023-04-07,0.009484653207303299,0.0064818376021907
2023-04-10,0.0003165192786483603,-0.0044895063187008
2023-04-11,-0.008161551500391061,-0.0011358984080491
2023-04-12,0.00397298431259996,-0.0006977788470651
2023-04-13,0.00372258589387496,-0.0069334257649321
2023-04-14,0.0035937710475422,0.0056414942944898
2023-04-17,0.01146211819084668,0.0139250774019339
2023-04-18,0.0016774165658344198,0.0030440105271925
2023-04-19,-0.00660449210910088,-0.009043588587822
2023-04-20,-0.0095602062574034,-0.0028017955635364
2023-04-21,-0.013275359039345461,-0.0197536620421233
2023-04-24,-0.00796413447943784,-0.0124589738429724
2023-04-25,-0.004527629715016822,-0.0050268754907244
2023-04-26,0.005524687744263961,-0.0008684785761546
2023-04-27,-0.015455255063162,0.0073456005869274
2023-04-28,0.01568847740563718,0.0101453815067631
2023-05-04,0.0024001909836111,0.0002878647651073
2023-05-05,-0.0015852946816506475,-0.0033229268826155
2023-05-08,0.0030703033594132205,0.0113324496043315
2023-05-09,0.0006430484432021803,-0.0085977485429268
2023-05-10,-0.0004284465709692002,-0.0077286281457981
2023-05-11,-0.00219683587589614,-0.0015549240506653
2023-05-12,-0.0089351392692675,-0.013344597038513
2023-05-15,0.01547498590344418,0.0154047888918574
2023-05-16,0.00778435705525824,-0.0051848532243139
2023-05-17,-9.207168193344022e-05,-0.0045450157474444
2023-05-18,-0.0038568010029780206,-0.0010358453929137
2023-05-19,0.007486169961485441,-0.0029187640411346
2023-05-22,0.0021176594682989804,0.0062649705096511
2023-05-23,-0.00517924239890888,-0.0142444165689514
2023-05-24,-0.01049205347525888,-0.0139214937568363
2023-05-25,-0.0049126936830602395,-0.00222839439053
2023-05-26,-0.0030858812712487404,0.0001168611107031
2023-05-29,-0.0008862028496663599,-0.0044268760591411
2023-05-30,-0.00165508103760684,0.000993262322444
2023-05-31,-0.02423330279679012,-0.0102694749929246
2023-06-01,0.008516492961494421,0.0021905468162677
2023-06-02,0.012569046826934762,0.0143338351997668
2023-06-05,-0.0004584147584282998,-0.0045626389806185
2023-06-06,-0.012096723976439582,-0.0094323925605049
2023-06-07,0.002463842219721201,-0.0049542714035985
2023-06-08,0.00974014276720944,0.0081082981519133
2023-06-09,-0.00330017099822454,0.0043124625237719
2023-06-12,0.00242969841425206,0.0020127253697202
2023-06-13,0.009605514443891601,0.0053130483742028
2023-06-14,0.006632679220605541,-0.0002303035488569
2023-06-15,0.00759988666164774,0.0157856393358602
2023-06-16,0.01602345201287498,0.0095958955840315
2023-06-19,-0.00882642804198234,-0.0082186760002494
2023-06-20,0.0083575356902033,-0.0016982493276517
2023-06-21,-0.009936932528828879,-0.0154620216170161
2023-06-26,-0.006630690598825599,-0.014160234414327
2023-06-27,0.00782707571451202,0.0093349843738066
2023-06-28,-0.00047953432667802024,-0.0012047520201733
2023-06-29,0.011281664460601422,-0.0049486961917936
2023-06-30,0.00705635478527674,0.0053782019414086
2023-07-03,0.015022575247259543,0.0130390596121265
2023-07-04,0.0074480236197957,0.001573431161031
2023-07-05,-0.0032133142518399795,-0.0077757085415597
2023-07-06,-0.011382099321668362,-0.006758710092902
2023-07-07,-0.0009430867998398202,-0.004446799052111
2023-07-10,-0.0055451250658664405,0.0048578784274394
2023-07-11,0.00783899026767938,0.0065233799135857
2023-07-12,-0.0024299204493787798,-0.0067549164980506
2023-07-13,0.01633328647274202,0.0142035439301022
2023-07-14,-0.0007746068687048001,0.0001744144296452
2023-07-17,-0.01039261766079932,-0.0082227838872064
2023-07-18,0.0002376437201106,-0.0031675306944741
2023-07-19,-0.005480262081013281,-0.0010563458944523
2023-07-20,-0.010398517567153261,-0.0070831718399366
2023-07-21,0.0027587791517658007,-0.0004656272973109
2023-07-24,0.003734381460224262,-0.0043764893582617
2023-07-25,0.019372565040686924,0.0284721720121467
2023-07-26,0.0026844133038229604,-0.0020736047357874
2023-07-27,-0.0021960676065048202,-0.0011934398089223
2023-07-28,0.01908958628852346,0.0228987762423575
2023-07-31,-0.015310333973512042,0.0054674767196564
2023-08-01,-0.0012078233865703803,-0.0041509526531156
2023-08-02,-0.011889582199533899,-0.0070533306132319
2023-08-03,0.005469457388230661,0.0087976812850745
2023-08-04,-0.00417200993694178,0.0038875840806866
2023-08-07,-0.00916028945640688,-0.0075973466506392
2023-08-08,0.007783453384828901,-0.0026148463809142
2023-08-09,-0.00426255971884724,-0.0030601611841621
2023-08-10,-0.0023047988253721606,0.0020520471643112
2023-08-11,-0.0198997731041001,-0.0232759487893596
2023-08-14,-0.0033759605700857016,-0.0073228787630248
2023-08-15,0.0003549452470271,-0.0024329933000819
2023-08-16,-0.0032667453110864996,-0.0073608886711294
2023-08-17,-0.00198699254770382,0.0033388139673115
2023-08-18,-0.010709753796785541,-0.0123703170334168
2023-08-21,-0.016331644662177743,-0.0144913869585145
2023-08-22,0.013320106011082201,0.0076578376547728
2023-08-23,-0.007313288385152601,-0.0165265080867231
2023-08-24,0.01486463419625624,0.0072236926760993
2023-08-25,0.00217147044830502,-0.0038425466178746
2023-08-28,0.019227845891422603,0.0116515228376605
2023-08-29,0.0038552142328234407,0.0099407797248037
2023-08-30,0.0005731419645393998,-0.0004222404669376
2023-08-31,-0.0030159991020853,-0.006153230124916
2023-09-01,0.0033424505400849,0.006939509848802
2023-09-04,0.01186259887679388,0.0150413021533151
2023-09-05,-0.012909622954764383,-0.0074661950866077
2023-09-06,-0.0017246666148575404,-0.0021723330979485
2023-09-07,-0.013307316150773301,-0.0141498959497084
2023-09-08,-0.0057799625639857405,-0.0049290220697804
2023-09-11,0.01522543591977,0.0073393309561839
2023-09-12,0.0019166708885808598,-0.0018437494430212
2023-09-13,-0.010300494000338991,-0.006389031036526
2023-09-14,0.00466507923351756,-0.0008406781608238
2023-09-15,-0.0008925466918050403,-0.0066458283729418
2023-09-18,0.013784642000041843,0.0050911225290529
2023-09-19,0.0012722968561609599,-0.0019360362428194
2023-09-20,-0.00251308688572386,-0.0039885916288657
2023-09-21,-0.00965010980967354,-0.0090131849385347
2023-09-22,0.0190501140741618,0.0179431829486363
2023-09-25,-0.0008694221850771396,-0.0065284734653101
2023-09-26,-0.005510001538486,-0.0058616514260687
2023-09-27,0.00290298895623536,0.0020585963103484
2023-09-28,-0.00181734192095566,-0.0029715773650674
2023-10-09,0.005526259310463801,-0.0012991153469638
2023-10-10,-0.0059241118281909005,-0.0075185661443291
2023-10-11,0.007756614092117621,0.0028451774082108
2023-10-12,0.00431692548486992,0.009451991893926
2023-10-13,-0.0077223841643798185,-0.010581448456261
2023-10-16,-0.0036231568717317803,-0.0100988374071116
2023-10-17,0.0012238361060262803,0.0035232626592171
2023-10-18,-0.002458768199089,-0.007950408637481
2023-10-19,-0.02377192475732688,-0.0215682229540811
2023-10-20,-0.00367651299404536,-0.0065160867853149
2023-10-23,0.005784394955233101,-0.010408364458778
2023-10-24,-0.0021753322394691805,0.0037032982678892
2023-10-25,0.0020291795936355408,0.0049573946674452
2023-10-26,0.0066682490789499605,0.0027583866120539
2023-10-27,0.00879931827458454,0.0136368383163376
2023-10-30,0.01042329027987766,0.0059836510212189
2023-10-31,0.0018648765693524,-0.0031468889680752
2023-11-01,0.005421765964291859,-0.0004143603930756
2023-11-02,-0.0029203736569192204,-0.0047268803925279
2023-11-03,0.005639559527439341,0.0083913676571482
2023-11-06,0.00832461854640726,0.0134328413288515
2023-11-07,-0.00535038865911454,-0.0035436728813098
2023-11-08,0.00209401522693308,-0.0024035979780234
2023-11-09,-0.003951919999746182,0.0004872714281269
2023-11-10,0.00020048357457041983,-0.0073173904005987
2023-11-13,-0.010451390626997601,-0.0019760259852245
2023-11-14,-0.0009642240428487401,0.0007400715554075
2023-11-15,0.00929260542069708,0.0070076552782343
2023-11-16,-0.006086247171526401,-0.0097192673847488
2023-11-17,-0.00270153355132206,-0.0012016084510823
2023-11-20,-0.0013616615000946006,0.002309505406899
2023-11-21,-0.00037757167215939996,0.0013272996713465
2023-11-22,-0.00769794849745098,-0.0102871025585683
2023-11-23,0.0062701516731401,0.0048128841528295
2023-11-24,-0.0011469908602002598,-0.0066229978426798
2023-11-27,-0.00028489122627741955,-0.0073958308447517
2023-11-28,0.0015661905796181198,0.0018718553042825
2023-11-29,0.0005323099241496997,-0.0086230684044832
2023-11-30,0.00456560464494104,0.0022592861506749
2023-12-01,-0.014786654769819422,-0.0038171266623113
2023-12-04,-0.005767577730404981,-0.0065504870538384
2023-12-05,-0.016287543342540404,-0.0192232810259376
2023-12-06,-0.00028829616388563993,0.0015720079894752
2023-12-07,-0.00716855643027504,-0.0024503463948441
2023-12-08,0.008743900307143662,0.0024091642314216
2023-12-11,0.01006483522469398,0.0058631239494358
2023-12-12,0.0039356429273307205,0.0021471616794043
2023-12-13,-0.013844692038730939,-0.0168298704433351
2023-12-14,-0.0053886774548615405,-0.0052517612900053
2023-12-15,-0.0021716405286571795,-0.0031104781775557
2023-12-18,0.00846552105449278,-0.0036516742922245
2023-12-19,0.00195490113908012,0.0014016849524804
2023-12-20,-0.00236947432916598,-0.0110201762477788
2023-12-21,0.005235382815991841,0.0100689255215009
2023-12-22,-0.0015203365604130401,0.0019075904466392
2023-12-25,0.00384449373536694,0.0030577403743757
2023-12-26,-0.006761597268961759,-0.0067923477333119
2023-12-27,0.0038728542852733004,0.0034738781247672
2023-12-28,0.014556397104064664,0.0231623917530221
2023-12-29,0.0090675913754947,0.0048410398897805
2024-01-02,-0.007539128392971381,-0.0131311788126541
2024-01-03,-0.004478262434103141,-0.0023800207845
2024-01-04,-0.00371701670034452,-0.0092932635202246
2024-01-05,-0.006371018063371781,-0.0053743598659039
2024-01-08,-0.01332125380942138,-0.0130157222726448
2024-01-09,0.002637770652745,0.0019578759051197
2024-01-10,-0.0014288858995035,-0.0046791152752005
2024-01-11,0.00040068509114644013,0.0056414463154256
2024-01-12,-0.0043562448568988605,-0.0034955292863075
2024-01-15,0.00491021956887954,-0.0009900855176363
2024-01-16,-0.0002754183363206398,0.0060652287182853
2024-01-17,-0.02604202237200148,-0.0219918326483518
2024-01-18,0.01338733878631472,0.0140381559990198
2024-01-19,0.00503928517686578,-0.0015127185821186
2024-01-22,-0.0034805661985249804,-0.0156830180725947
2024-01-23,-0.0013159699071200199,0.0040397957226403
2024-01-24,0.004609025322854301,0.0138824544320011
2024-01-25,0.011030184780883,0.0198827401099021
2024-01-26,-0.009806682127183261,-0.0027258828813905
2024-01-29,-0.007888209224203021,-0.0089970446210566
2024-01-30,-0.01284386794475674,-0.0179940723114415
2024-01-31,-0.011485790050886699,-0.0091914602754895
2024-02-01,-0.0025909893768770605,0.0007337099625595
2024-02-02,-0.00801485714476568,-0.01190508860216
2024-02-05,0.027832525413743182,0.0065172133717681
2024-02-06,0.0333666924569169,0.0341765819153807
2024-02-07,0.01063910607955148,0.0095984100591941
2024-02-08,0.0030918961675734393,0.006350117335176
2024-02-19,-0.00506776873067244,0.011488231964163
2024-02-20,-0.006691139062520781,0.0020661346287058
2024-02-21,0.0172714526067856,0.0134020282769292
2024-02-22,0.005280160573442421,0.0085835706184528
2024-02-23,-0.0064070616604390606,0.0008801088806897
2024-02-26,-0.00912926005585688,-0.0104795647307095
2024-02-27,0.0046817953337897605,0.0119256179025026
2024-02-28,-0.0069911142703952805,-0.0128236975211253
2024-02-29,0.004948069733168301,0.0188971421701251
2024-03-01,0.0024680522434844202,0.0061583323346328
2024-03-04,0.00310878538294526,0.0008673946355691
2024-03-05,0.011280171437990002,0.0069346414751775
2024-03-06,-0.0077341209670271005,-0.0040637667355029
2024-03-07,-0.011426156439671,-0.0060247867166294
2024-03-08,-0.00161686254190858,0.0042942241056892
2024-03-11,0.010649016417012781,0.0124332813275857
2024-03-12,0.009643693538601018,0.0022903269482324
2024-03-13,-0.0070355427358184,-0.0070099382569125
2024-03-14,0.00398813506724846,-0.0028424957958044
2024-03-15,0.0012519081043067203,0.0021788486525016
2024-03-18,-0.0006672795437775799,0.0093511259198785
2024-03-19,0.004591328479860399,-0.0072133505737856
2024-03-20,0.0024032998334164606,0.0021638956316068
2024-03-21,0.00290493779170368,-0.0011972422998872
2024-03-22,0.013186206780430719,-0.0101290633608979
2024-03-25,-0.00623342658876288,-0.0054421441219308
2024-03-26,0.00902862127876392,0.0050894726317651
2024-03-27,-0.010052012815292461,-0.0116256946910378
2024-03-28,0.0023272956346526603,0.0051738858965235
2024-03-29,-0.0014778351197633998,0.0046809295437155
2024-04-01,0.00476100375354656,0.0163101722622654
2024-04-02,-0.00944991365680152,-0.0041720549958076
2024-04-03,-0.0017475575834073002,-0.0036035671745538
2024-04-08,-0.006592002130449501,-0.0088370710550967
2024-04-09,0.0029195744864706804,-0.0008260371903522
2024-04-10,-0.0048890689755046205,-0.0081782729704482
2024-04-11,-0.003968985159938857,-0.0001341142398518
2024-04-12,-0.0056899910997019205,-0.0081374874549923
2024-04-15,0.013985365406027782,0.0208522385470166
2024-04-16,-0.00665489699161952,-0.0107561881704044
2024-04-17,0.00658774526882122,0.0153440227347234
2024-04-18,-0.010605931960550081,0.0012333222776462
2024-04-19,-0.00894673992289152,-0.0079140280256124
2024-04-22,0.0035870612716880604,-0.0030427478315122
2024-04-23,0.01312978914973848,-0.0070142618536129
2024-04-24,-0.0009034835208659401,0.0043825769081113
2024-04-25,0.01350641525460836,0.002456076902202
2024-04-26,0.00810657281726946,0.0151776391837412
2024-04-29,0.0087083279575426,0.0109987263386795
2024-04-30,-0.003876068183739501,-0.005401006447231
2024-05-06,0.02322950903689752,0.014731197631176
2024-05-07,0.00172493515825564,0.000308874401278
2024-05-08,-0.009402434710949741,-0.0078993665195978
2024-05-09,0.0028448897593463,0.0094150210603364
2024-05-10,-0.0017696392079079807,0.000469250462856
2024-05-13,0.00020159449461531974,-0.0004337761646634
2024-05-14,-0.0023379448107753004,-0.0020869363765652
2024-05-15,-0.00738066496173298,-0.0085101521276952
2024-05-16,0.0108251414070708,0.0039359185019983
2024-05-17,0.004202298109645301,0.0102783916848532
2024-05-20,-0.00339903167931924,0.0035256172756283
2024-05-21,0.0039302919244990405,-0.0040178577001371
2024-05-22,0.00252403099713564,0.0022525316530065
2024-05-23,-0.0065189716634758196,-0.0116459417535612
2024-05-24,-0.016185491791295782,-0.0111304469267923
2024-05-27,0.00687786709272028,0.0094595430684418
2024-05-28,-0.00131183714938438,-0.0073265861462576
2024-05-29,0.0009359790203132401,0.0012045375132963
2024-05-30,0.0011422517900517798,-0.0053303270147806
2024-05-31,-0.00807862489494792,-0.0040115857166463
2024-06-03,0.00675546875370542,0.0024634986589266
2024-06-04,0.007357945680357001,0.0074732248503023
2024-06-05,-0.0008599893018697404,-0.0057916023011544
2024-06-06,0.0008970372086033002,-0.0007068278751056
2024-06-07,-0.01125604567786816,-0.0050625530236153
2024-06-11,-0.01076638552463368,-0.0087762383958487
2024-06-12,0.00993968910239682,0.0003499365070278
2024-06-13,-0.0047017208287003995,-0.0050889399453673
2024-06-14,0.009644827179521647,0.0043578848931562
2024-06-17,0.013014549821894962,-0.0015061329006798
2024-06-18,0.00028653895685568017,0.0026518734678317
2024-06-19,0.00037576238315296023,-0.0047608771441216
2024-06-20,-0.004801954467023362,-0.0072440280772666
2024-06-21,-0.0067756759253644805,-0.0021889162749807
2024-06-24,0.00483403384376058,-0.0053955495094153
2024-06-25,-0.005437726982473941,-0.0054537383309179
2024-06-26,0.005048027884390881,0.0064455352462293
2024-06-27,0.0003397278667578796,-0.0075392821904884
2024-06-28,-0.0018594070452630008,0.0021805213547913
2024-07-01,-0.00257010534662714,0.0047609256709329
2024-07-02,0.007630731745432882,-0.0018388573765335
2024-07-03,0.00171986600798244,-0.0024166582300242
2024-07-04,-0.00133392524095524,-0.0050946526722348
2024-07-05,-0.0014105963858254806,-0.0042897488593068
2024-07-08,-0.0026057081389258404,-0.0085763065884284
2024-07-09,0.01320518290845778,0.0111232925538749
2024-07-10,-0.0038286956354782603,-0.0031563127656688
2024-07-11,0.014240103656615282,0.0113671527885922
2024-07-12,0.005398823211377001,0.0012189202107989
2024-07-15,0.00035334470507091995,0.0011081290305216
2024-07-16,0.01119469587173602,0.0063172925673067
2024-07-17,0.0005669713815803996,0.0009428760702296
2024-07-18,-0.0026069049233340006,0.0055108640560117
2024-07-19,0.00020787655202656054,0.0051246934017026
2024-07-22,-0.007478479181201941,-0.0068330872593705
2024-07-23,-0.020079778897486782,-0.0215801783459919
2024-07-24,-0.00313591249649402,-0.0063312669112328
2024-07-25,-0.008189322300785,-0.0055446174575377
2024-07-26,-0.0020357735224262002,0.0029433557856258
2024-07-29,-0.00288642877886348,-0.0054558718164722
2024-07-30,-0.01288455666723056,-0.0063194354788742
2024-07-31,0.020750862248519523,0.0213471886428028
2024-08-01,-0.008796472881218341,-0.0066488618218771
2024-08-02,-0.005356911840237881,-0.0102533946679998
2024-08-05,-0.012312832949735678,-0.0122093580684704
2024-08-06,0.0025310517653159602,-0.0001017004921385
2024-08-07,-0.0019559002832242405,-0.0004458094732051
2024-08-08,0.007897724037741902,0.0004338440294067
2024-08-09,0.006762617972865601,-0.0033889856050115
2024-08-12,0.005795802850115,-0.001733386439852
2024-08-13,-0.0044423287889079,0.0025614668109625
2024-08-14,-0.00444286430120548,-0.0075711983176159
2024-08-15,0.011898110893006242,0.0098359131857107
2024-08-16,0.006034549400468,0.0011005476933171
2024-08-19,-0.0063948662627818405,0.0033837647540115
2024-08-20,-0.00206043163910122,-0.0072559951338258
2024-08-21,0.0029099576802898803,-0.0033241494075705
2024-08-22,0.00924426583370254,-0.0025622566687428
2024-08-23,0.0026135968046129996,0.0042317237145368
2024-08-26,-0.0039814597925936605,-0.0008930437899297
2024-08-27,4.856301683863983e-05,-0.0056987430887748
2024-08-28,-0.003013587940465,-0.0057131483116743
2024-08-29,0.0045181169976925,-0.0026873136653521
2024-08-30,0.00980505808619764,0.0132595580293447
2024-09-02,-0.01056240594205152,-0.0171325875746459
2024-09-03,0.0008918672300934801,0.0025755393196043
2024-09-04,-0.008482129339725522,-0.0065189738631801
2024-09-05,-0.004317016016780781,0.0017204516741562
2024-09-06,-0.01262128176537214,-0.0081398360700626
2024-09-09,-0.009820042514807881,-0.0119547522159402
2024-09-10,0.00409790222207948,0.0008796768615906
2024-09-11,-0.0007346937474487402,-0.0030179170462126
2024-09-12,-0.00209744657456134,-0.0042965498738764
2024-09-13,0.0011814124887473605,-0.0041758066402663
2024-09-18,-0.00641739552752962,0.0037154914738971
2024-09-19,-0.0041348221138037,0.0078623943397135
2024-09-20,-0.0030928835783458407,0.0015663375141821
2024-09-23,0.00314058415164118,0.0036514998140646
2024-09-24,0.04538782515907774,0.0423999518188628
2024-09-25,0.008942180735931421,0.0146949977851067
2024-09-26,0.034864576401998214,0.0414030934907758
2024-09-27,0.028614208494952442,0.0436984960700258
2024-09-30,0.05420371422173965,0.0814200137266306
2024-10-08,0.029191643474856567,0.0576063143139997
2024-10-09,-0.06682990169477993,-0.0731248898679555
2024-10-10,0.029746301588369863,0.0105133502995673
2024-10-11,-0.020830270464931144,-0.0280603219931231
2024-10-14,0.01615750677616962,0.0189009654234729
2024-10-15,-0.01608235226088242,-0.0269545684819336
2024-10-16,-0.012014492782677182,-0.0063479227365165
2024-10-17,-0.01042013199619474,-0.0113836088685627
2024-10-18,0.02696994966581248,0.0355286964647868
2024-10-21,0.0002445616236829999,0.0025367582553448
2024-10-22,0.006747819045431101,0.0057215555084589
2024-10-23,-0.00046176503252616004,0.0038910702114265
2024-10-24,-0.01579230609679336,-0.0112326605857696
2024-10-25,-0.00662734709993826,0.0069979043382592
2024-10-28,0.00258882532667102,0.0019544029512234
2024-10-29,-0.006443945033185881,-0.0100168036387988
2024-10-30,-0.0105914799986411,-0.0090094158244951
2024-10-31,-0.00987811601047222,0.0004087146239205
2024-11-01,0.01048991172327708,-0.0002621750779052
2024-11-04,0.008168940571650681,0.0139738169400085
2024-11-05,0.01000381876827118,0.0249871248353445
2024-11-06,-0.01338241727611854,-0.0050292278990078
2024-11-07,0.01712586032513524,0.0297256396137535
2024-11-08,-0.014279592633331322,-0.0100973614652907
2024-11-11,-0.00419467109702482,0.0065766862672307
2024-11-12,-0.0033963549149646404,-0.0110481148403697
2024-11-13,0.00307987215536732,0.0061366876208398
2024-11-14,-0.009494693310509679,-0.017488921934567
2024-11-15,-0.007867679646290001,-0.0176792872072343
2024-11-18,-0.0015239749946727205,-0.004659564118511
2024-11-19,-0.00263480007630568,0.0066883299860489
2024-11-20,0.01150703408418078,0.0022304113653737
2024-11-21,0.00248256847611692,0.0008852587451981
2024-11-22,-0.028473264324047183,-0.0314729987251302
2024-11-25,-0.0082896935206509,-0.0045658568856641
2024-11-26,0.007271958380768521,-0.0020576808022987
2024-11-27,0.019924373817241662,0.0172608135537856
2024-11-28,-0.007574338804707321,-0.0088668492734468
2024-11-29,0.00562271766074938,0.0113056192362876
2024-12-02,0.007821843896009302,0.0078965748233344
2024-12-03,0.00034502467608626,0.0010785466491528
2024-12-04,-0.00045301859900148,-0.0054120361215585
2024-12-05,-0.00407762029427456,-0.0022847255597327
2024-12-06,0.012135797240930961,0.0130595302582883
2024-12-09,-0.00195328732154088,-0.0016549726626202
2024-12-10,0.0068059856158610215,0.0073020252333331
2024-12-11,0.00197423508625086,-0.0017058118200226
2024-12-12,0.00469202767653968,0.0098961434172752
2024-12-13,-0.02269162876403168,-0.0239458392423105
2024-12-16,-0.0006968474721778197,-0.0054404074521525
2024-12-17,0.00626632799832868,0.0026015253628419
2024-12-18,0.004220921868083201,0.005050926820749
2024-12-19,0.0017939015216338998,0.0009052470712706
2024-12-20,-0.0081190449204619,-0.0045013539400717
2024-12-23,-0.00194343173131886,0.0014832136294832
2024-12-24,0.01122965695714504,0.0126611149649962
2024-12-25,0.0030326636280262804,0.0004868671450816
2024-12-26,0.00136329707602506,0.0004640598294016
2024-12-27,-0.004809821078854881,-0.0016188726395905
2024-12-30,0.0040930314182916405,0.0045162531274868
2024-12-31,-0.004429721864749121,-0.0161688229690422
2025-01-02,-0.021671492011553342,-0.0295328807648115
2025-01-03,-0.00503424329494532,-0.011912363269678
2025-01-06,-0.00177698991388774,-0.0016410113264477
2025-01-07,0.0001566015154756404,0.0071751036169549
2025-01-08,-0.00755397425148948,-0.0018166650349836
2025-01-09,-0.00802114890858808,-0.0024679300684566
2025-01-10,-0.008490839908465041,-0.0126193710178968
2025-01-13,-0.00057156537868234,-0.0026747201388297
2025-01-14,0.023276755700804022,0.0259936019453595
2025-01-15,-0.0019654297866283804,-0.0064359901121666
2025-01-16,-0.0036144928351427,0.0011452779603726
2025-01-17,-0.00093752113779334,0.0031421121070936
2025-01-20,0.012651701859675681,0.0045380749483773
2025-01-21,0.005374244894178421,0.0007647844555119
2025-01-22,-0.0179268392993876,-0.009329484691561
2025-01-23,-0.0015739948432474601,0.0017682446889377
2025-01-24,0.01261159343765078,0.0076264675751237
2025-01-27,0.0006920368017359999,-0.0041255284044773
2025-02-05,-0.011854531931512261,-0.0057802414173679
2025-02-06,0.009380434300204242,0.0125035833361977
2025-02-07,0.011365670183677921,0.012893929936185
2025-02-10,-0.00149729551440542,0.0021453068111663
2025-02-11,-0.00531573018032384,-0.0046042063813207
2025-02-12,0.01499525295608246,0.0094118341823465
2025-02-13,-0.00075811935105414,-0.0037623047574148
2025-02-14,0.006674237037312101,0.0086357885794846
2025-02-17,-0.008927333708891221,0.0021277116369139
2025-02-18,-0.00573353108670532,-0.0088090155370787
2025-02-19,0.0023820519834020803,0.006973212821578
2025-02-20,0.01100031548124526,-0.0028618431388465
2025-02-21,0.00890017272263656,0.0125302941775078
2025-02-24,-0.0013230363003652202,-0.0021942194164708
2025-02-25,-0.0017301966324577002,-0.011163620625657
2025-02-26,-0.0024711579618041206,0.0086969310175492
2025-02-27,0.00689065269592284,0.0020635572643798
2025-02-28,-0.0149740555953501,-0.0198704198826452
2025-03-03,-0.0052911358547181805,-0.0004062469523071
2025-03-04,-0.0059713922445360605,-0.0008361537929487
2025-03-05,0.00572220430166996,0.0044557001933801
2025-03-06,0.00841365967844726,0.0136587687947141
2025-03-07,-0.0021325431283806995,-0.0030961070268931
2025-03-10,-0.003800599126296081,-0.0038639364912342
2025-03-11,0.00111328485952466,0.0032070287276403
2025-03-12,-0.00243971491061826,-0.0036067217076572
2025-03-13,0.0042922474948591605,-0.0039929583172082
2025-03-14,0.023870322159101665,0.0239916333427265
2025-03-17,-0.00168607429727914,-0.0024414788440089
2025-03-18,-0.0013466313464536599,0.0027309621183892
2025-03-19,0.006976840635265761,0.00061113337206
2025-03-20,-0.01011612794982782,-0.0088114020549793
2025-03-21,-0.01596554213618928,-0.0152835342256865
2025-03-24,0.0076076999293199195,0.0051340635477135
2025-03-25,0.00239764085304812,-0.0006482652775916
2025-03-26,-0.002008080651948841,-0.0032961212572778
2025-03-27,0.012443030220277141,0.0033240943166804
2025-03-28,0.0018644182775960803,-0.0043937182505934
2025-03-31,0.00017772772372192012,-0.007141349520225
2025-04-01,0.006799232107079461,9.517697136045976e-05
2025-04-02,-0.01024603543881834,-0.0008466213496568
2025-04-03,-0.01688508956327636,-0.0059102483074018
2025-04-07,-0.04971679432358266,-0.0730595075524599
2025-04-08,-0.00586554270592212,0.0169391636231564
2025-04-09,-0.006226138764356221,0.0098207956565165
2025-04-10,0.01630063510302962,0.0130237858283326
2025-04-11,0.0089937022931472,0.0041145504529254
2025-04-14,0.0020406008947302604,0.0022957108007082
2025-04-15,-0.008013200685167522,0.0005558237304301
2025-04-16,-0.0017645258672331205,0.0030767008827025
2025-04-17,-0.00121393973457492,-0.0001590448828012
2025-04-18,0.0016668375275164997,7.952560330999825e-05
2025-04-21,0.006255976082667721,0.0032709691217122
2025-04-22,0.0012020441524200193,-0.0002457447200374
2025-04-23,0.00814187097052212,0.0007740234944606
2025-04-24,-0.0024695356118042406,-0.0006656769810641
2025-04-25,0.0003847379827631609,0.0006947242184759
2025-04-28,-0.00656220634662244,-0.0014190190539855
2025-04-29,-0.00516128651701158,-0.0017309147201439
2025-04-30,0.00354350560509736,-0.0011953908641536
2025-05-06,0.008485679609414482,0.0100197299329189
2025-05-07,0.0045709726808233,0.0060443865250728
2025-05-08,0.012254156260548042,0.0055358113817248
2025-05-09,0.00558691475222296,-0.0017508635396534
2025-05-12,0.005673239789054759,0.0114907097105876
2025-05-13,0.0030409582078035004,0.0014511609906195
2025-05-14,0.01112096850381596,0.0119779937506401
2025-05-15,0.0004756357930659998,-0.0091741074829282
2025-05-16,-0.006575395877977541,-0.0046458078324773
2025-05-19,-0.009377418024186561,-0.0030748494528689
2025-05-20,0.006727331582966661,0.0054068645942602
2025-05-21,0.004977721517203121,0.0046605455109063
2025-05-22,-0.00026790253132712025,-0.0006411034350041
2025-05-23,-0.010844618532492821,-0.0081066202134246
2025-05-26,-0.008110150498106221,-0.0057243536256176
2025-05-27,-0.0055921872262596605,-0.0053795760886899
2025-05-28,0.00213403908663316,-0.0008233841552053
2025-05-29,0.005393300668452141,0.0058376189501768
2025-05-30,-0.007005850156363619,-0.0047980785470189
2025-06-03,-0.0008339916841282,0.0030628293472223
2025-06-04,0.005332361324607021,0.0043337826467046
2025-06-05,0.00173937284647214,0.0022772172034397
2025-06-06,-0.0019238880293555398,-0.0009236874877862
2025-06-09,0.00376367769415854,0.0029049294647187
2025-06-10,0.00127400749849838,-0.0051040530276676
2025-06-11,0.00266809053707952,0.0075154024431042
2025-06-12,-0.0018693160343733202,-0.0006241307640932
2025-06-13,-0.013674106979697582,-0.0072250513487183
2025-06-16,0.00439353138384526,0.0024864383097925
2025-06-17,0.00029064659780968086,-0.0008832439902828
2025-06-18,-0.00012215973470773998,0.0011852274041385
2025-06-19,-0.0022491562951186205,-0.0082611903276287
2025-06-20,0.00530001523737152,0.0009233094665735
2025-06-23,0.0018453484986946601,0.0029229540029125
2025-06-24,0.00472712613402014,0.0118863589658356
2025-06-25,0.00638994629746568,0.0142523489302831
2025-06-26,-0.00250471107607168,-0.0035542258665343
2025-06-27,-0.0032557257366243207,-0.0061669433782696
2025-06-30,0.00631164297614714,0.0036447715536752
2025-07-01,0.00469057182814966,0.001695681496414
2025-07-02,-0.0012629422804968204,0.0002333118629375
2025-07-03,0.0072199158767773195,0.006165532849999
2025-07-04,0.0047352060273273,0.0035546000017413
2025-07-07,-0.0097242836102983,-0.0042857010724699
2025-07-08,0.00827437818473452,0.0083580566970375
2025-07-09,0.010974794917594602,-0.0017647394706168
2025-07-10,0.008421568215938821,0.0046541822854642
2025-07-11,-0.00651729749700902,0.0011937949012927
2025-07-14,0.0013781017332717804,0.0007121088682097
2025-07-15,0.00516399909366194,0.000345911835749
2025-07-16,0.0004244207338859138,-0.0029553013811939
2025-07-17,0.01345324170956124,0.0067871566201962
2025-07-18,0.0036172491954152204,0.0059458672843334
2025-07-21,-0.00165116555949854,0.0066452770034147
2025-07-22,0.0035081550946929408,0.0081296603426505
2025-07-23,-0.0019168688408883598,0.0001966322485651
2025-07-24,0.0018077799021088202,0.0070796456211479
2025-07-25,-0.00703975788035888,-0.005287463080977
2025-07-28,0.010387153761618442,0.0020960968490133
2025-07-29,0.00356282009063988,0.003909346858056
2025-07-30,0.00463850430263368,-0.0001878780147304
2025-07-31,-0.0120994488816658,-0.0183915633044165
2025-08-01,-0.007670528690110361,-0.0050820967088656
2025-08-18,0.02425154664504918,0.0444906838384219
2025-08-19,-0.009144587646579161,-0.00379072106502
2025-08-20,0.011053534885894962,0.011308254802686
2025-08-21,0.012909945441906141,0.0038951059063758
2025-08-22,0.006629221337500061,0.02075525083855
2025-08-25,0.012036522189591382,0.0206218976542001
2025-08-26,0.005759156693268921,-0.0037279474141999
2025-08-27,-0.01718373187104956,-0.0150386600213421
2025-08-28,0.00337126019121132,0.017548651391104
2025-08-29,0.011366001119773081,0.0073611967413575
2025-09-01,0.00085407121023282,0.0059753161833233
2025-09-02,0.00279465495110646,-0.0073795341857631
2025-09-03,0.0016880268613450602,-0.0068422707357624
2025-09-04,-0.003164530109435081,-0.0214443506136347
2025-09-05,0.022725882708915283,0.0215542142371146
2025-09-08,0.010402913239066459,0.0016241243101468
2025-09-09,-0.00938340667085382,-0.0070329575150866
2025-09-10,0.0020199887579020795,0.0020491764305014
2025-09-11,0.014512175764127822,0.0228333166099722
2025-09-12,-0.003877402258818621,-0.0057397983168245
2025-09-15,0.0005337389813045001,0.0024428342827081
2025-09-16,-0.0038381318215478205,-0.0021465491215527
2025-09-17,0.00241701928472568,0.0061007246464561
2025-09-18,-0.0017342420875200598,-0.0116940751118193
2025-09-19,0.00596041943441113,0.0008466638950307
2025-09-22,0.020335746219945536,0.0045852883752098
2025-09-23,0.013725554557527421,-0.0006259407285905
2025-09-24,0.013014631649907562,0.0101895586020818
2025-09-25,-0.00110380355258316,0.0059872050424883
2025-09-26,-0.01973844375052946,-0.0095018618243211
2025-09-29,0.0004468940361488601,0.0152673056324377
2025-09-30,0.0037456797733311205,0.0044575345330339
2025-10-09,0.0026259392804395404,0.0147144364574539
2025-10-10,-0.02262872636952086,-0.0198691761356096
2025-10-13,-0.014614054759889522,-0.0049615716479266
2025-10-14,-0.0074502785236342395,-0.0120268085952429
2025-10-15,0.02024245292591024,0.0147028186136493
2025-10-16,0.01237771001525248,0.0026298944880156
2025-10-17,-0.02287066270685446,-0.02281802557004
2025-10-20,0.00660663391032834,0.0053002349997063
2025-10-21,0.017082867902173202,0.0152308465011269
2025-10-22,-0.00504583649376592,-0.0033259309563051
2025-10-23,0.0020890862423870405,0.0029938352011483
2025-10-24,0.0107676746389995,0.01172774480373
2025-10-27,0.007152678186229761,0.0118038633095883
2025-10-28,-0.01212481030782158,-0.0051126866393398
2025-10-29,0.0031087671799628013,0.0118372408713961
2025-10-30,-0.00647772622910998,-0.0080209782147857
2025-10-31,-0.00470906544842524,-0.0148100471997965
2025-11-03,0.0040557507407851,0.0027393828453463
2025-11-04,-0.00825963273882066,-0.0074848549950598
2025-11-05,-6.529401143988004e-05,0.001851620047169
2025-11-06,0.0049915399905981605,0.0141923662431926
2025-11-07,-0.00871508034157058,-0.003117737014389
2025-11-10,0.0011237971707915796,0.0034692327388138
2025-11-11,-0.00955271657999806,-0.009174984819875
2025-11-12,0.0077038736861650995,-0.0013465147526876
2025-11-13,0.004855687895807681,0.012015574630851
2025-11-14,-0.00808124424674728,-0.0158477777669541
2025-11-17,-0.00282985149426056,-0.0065227589470807
2025-11-18,5.474887233166025e-05,-0.0065152353910493
2025-11-19,0.00081631729675546,0.0043903404552326
2025-11-20,-0.00700724999076372,-0.0050998445547902
2025-11-21,-0.014805200863501723,-0.0246925578252606
2025-11-24,-0.00038827539772263997,-0.0012492053668726
2025-11-25,0.010853099559328581,0.0094759867535566
2025-11-26,0.01118761672785918,0.0060457354027621
2025-11-27,-0.00208719713055734,-0.0004937435268793
2025-11-28,0.00135528105088138,0.0024905841855706
2025-12-01,0.00439400109897996,0.0109479680570724
2025-12-02,0.0011856324140835605,-0.0048538999800864
2025-12-03,-0.006376883964220501,-0.0051247280685855
2025-12-04,0.004048102268423241,0.0034194018084143
2025-12-05,0.0007694519868010202,0.0083166709974398
2025-12-08,0.00111737913931642,0.0080836477288575
2025-12-09,-0.0002179181383260201,-0.0051041491641017
2025-12-10,-0.00806026276739904,-0.0013906346602648
2025-12-11,-0.0027807078017728403,-0.008672398325831
2025-12-12,0.006969727933154101,0.0063001610973626
2025-12-15,-0.0154706964459771,-0.0063265224410897
2025-12-16,-0.007350492852594001,-0.0120470736883567
2025-12-17,0.008395779957198202,0.0181399928413459
2025-12-18,-0.0013079437513494403,-0.0059325650556533
2025-12-19,0.00030281568719977994,0.0033746442769563
2025-12-22,0.0034123430615191404,0.0094643291260549
2025-12-23,0.00514177007701366,0.0019734960127628
2025-12-24,-0.00154017935363756,0.0028806724340582
2025-12-25,0.00201072836591922,0.0018282565513331
2025-12-26,-0.004995449011303918,0.0031613677405162
2025-12-29,-0.0027892880241600602,-0.0038444168377923
2025-12-30,-0.0007805538082750201,0.0025638693792414
2025-12-31,-0.008631869825330261,-0.0045985414860679
2026-01-05,0.023369566761401502,0.0187880819761763
2026-01-06,0.00536737644881146,0.0153424601259199
2026-01-07,-0.00431687284371726,-0.0029308001445543
2026-01-08,-0.0118540285353949,-0.0082024188319986
2026-01-09,0.005100782160080941,0.0044795195669895
2026-01-12,-0.00252078792816086,0.0064929580785505
2026-01-13,-0.00226247414128234,-0.0060496784322183
2026-01-14,-0.01231348620511866,-0.0040198055594202
2026-01-15,0.01056348283441702,0.002001399540542
2026-01-16,-0.00536040085033642,-0.0041251521595873
2026-01-19,-0.00563230473138034,0.0005472025726184
2026-01-20,-0.0025053675805553205,-0.0032961924793225
2026-01-21,-0.0096119403532137,0.0008875285878533
2026-01-22,-0.00545219541650946,0.0001354959046318
2026-01-23,-0.0084015564808294,-0.0045002256040236
2026-01-26,-0.00014505234456676028,0.0009479822081193
2026-01-27,-0.0072307266647328,-0.000269849618908
2026-01-28,-0.00572491264340582,0.0026104466587982
2026-01-29,0.01714357688485396,0.0075761617296989
2026-01-30,-0.002693419364902701,-0.0100484872815661
2026-02-02,-0.0067313149748591,-0.0215550766625216
2026-02-03,0.0072908042279306,0.0116835937825024
2026-02-04,0.0152339397967541,0.0082425651969655
2026-02-05,0.00530545180833766,-0.0060326148091381
2026-02-06,-0.01024900742405242,-0.0057590759152554
2026-02-09,0.00485912810445224,0.0161196997398466
2026-02-10,0.0011466243125756606,0.0011097746009467
2026-02-11,0.0009177292386427201,-0.002220782170002
2026-02-12,-0.0070928934443705,0.0012211929348548
2026-02-13,-0.0048146348207241205,-0.0126163854874798
2026-02-24,0.0006067039270045201,0.0100620514922893
2026-02-25,0.0043094883857026,0.0060041923684178
2026-02-26,-0.00970626371997728,-0.0019064211143237
2026-02-27,-0.00395859316200114,-0.0034373470933929
2026-03-02,-0.006166241954890681,0.0038180762789801
2026-03-03,-0.006900902192476701,-0.0155087464966227
2026-03-04,-0.01115856985989162,-0.0115095259635223
2026-03-05,0.0068474116794015605,0.0097446154008003
2026-03-06,0.00818736667057616,0.0027395423085322
2026-03-09,-0.0016558915764733812,-0.0096983263205585
2026-03-10,0.014587730815666321,0.0127662865639611
2026-03-11,0.0060140583297823,0.0063416729402122
2026-03-12,-0.0007106126986671005,-0.0036073062500733
2026-03-13,0.0004460177061623798,-0.003937290667855
2026-03-16,0.006170852760205901,0.0005181624619451
2026-03-17,0.00622198854408914,-0.0073305731642343
2026-03-18,-0.0032133772644028207,0.0044945249648249
2026-03-19,-0.00506914890442966,-0.0162486613482933
2026-03-20,-0.0031103079021960797,-0.0035474400253333
2026-03-23,-0.02483735680196058,-0.0331738084377388
2026-03-24,0.0025599679466226403,0.0127566749389173
2026-03-25,0.017203429115322803,0.0139258080620218
2026-03-26,-0.0036670451436982008,-0.0011687345039693
